Sector_score,PARA_A,Score_A,Risk_A,PARA_B,Score_B,Risk_B,TOTAL,numbers,Score_B.1,Risk_C,Money_Value,Score_MV,District_Loss,PROB,RiSk_E,History,Prob,Risk_F,Score,Inherent_Risk,CONTROL_RISK,Audit_Risk,Risk,Marks,MONEY_Marks,Loss,LOSS_SCORE,History_score,T_Risk
3.89,4.18,0.6,2.508,2.5,0.2,0.5,6.68,5,0.2,1,3.38,0.2,2,0.2,0.4,0,0.2,0,2.4,8.574,0.4,1.7148,1,2,2,0,2,2,1
3.89,0,0.2,0,4.83,0.2,0.966,4.83,5,0.2,1,0.94,0.2,2,0.2,0.4,0,0.2,0,2,2.554,0.4,0.5108,0,2,2,0,2,2,0
3.89,0.51,0.2,0.102,0.23,0.2,0.046,0.74,5,0.2,1,0,0.2,2,0.2,0.4,0,0.2,0,2,1.548,0.4,0.3096,0,2,2,0,2,2,0
3.89,0,0.2,0,10.8,0.6,6.48,10.8,6,0.6,3.6,11.75,0.6,2,0.2,0.4,0,0.2,0,4.4,17.53,0.4,3.506,1,6,6,0,2,2,1
3.89,0,0.2,0,0.08,0.2,0.016,0.08,5,0.2,1,0,0.2,2,0.2,0.4,0,0.2,0,2,1.416,0.4,0.2832,0,2,2,0,2,2,0
3.89,0,0.2,0,0.83,0.2,0.166,0.83,5,0.2,1,2.95,0.2,2,0.2,0.4,0,0.2,0,2,2.156,0.4,0.4312,0,2,2,0,2,2,0
3.89,1.1,0.4,0.44,7.41,0.4,2.964,8.51,5,0.2,1,44.95,0.6,2,0.2,0.4,0,0.2,0,3.2,31.774,0.4,6.3548,1,2,6,0,2,2,1
3.89,8.5,0.6,5.1,12.03,0.6,7.218,20.53,5.5,0.4,2.2,7.79,0.4,2,0.2,0.4,0,0.2,0,4.2,18.034,0.4,3.6068,1,4,4,0,2,2,1
3.89,8.4,0.6,5.04,11.05,0.6,6.63,19.45,5.5,0.4,2.2,7.34,0.4,2,0.2,0.4,0,0.2,0,4.2,17.206,0.4,3.4412,1,4,4,0,2,2,1
3.89,3.98,0.6,2.388,0.99,0.2,0.198,4.97,5,0.2,1,1.93,0.2,2,0.2,0.4,0,0.2,0,2.4,4.372,0.4,0.8744,0,2,2,0,2,2,1
3.89,5.43,0.6,3.258,10.77,0.6,6.462,16.2,5,0.2,1,4.42,0.2,2,0.2,0.4,0,0.2,0,3.6,12.004,0.4,2.4008,1,2,2,0,2,2,1
3.89,15.38,0.6,9.228,40.14,0.6,24.084,55.52,5,0.2,1,0.96,0.2,2,0.4,0.8,1,0.4,0.4,4,35.704,1.2,21.4224,1,2,2,1,4,4,1
3.89,5.47,0.6,3.282,7.63,0.4,3.052,13.1,5,0.2,1,10.43,0.6,2,0.2,0.4,1,0.4,0.4,3.6,14.392,0.8,5.7568,1,2,6,0,2,4,1
3.89,1.09,0.4,0.436,0.35,0.2,0.07,1.44,5,0.2,1,0,0.2,2,0.2,0.4,0,0.2,0,2.2,1.906,0.4,0.3812,0,2,2,0,2,2,1
3.89,0,0.2,0,0.84,0.2,0.168,0.84,5,0.2,1,0.007,0.2,2,0.2,0.4,0,0.2,0,2,1.5694,0.4,0.31388,0,2,2,0,2,2,0
3.89,1.95,0.4,0.78,9.01,0.4,3.604,10.96,5,0.2,1,9,0.4,2,0.2,0.4,0,0.2,0,3,9.384,0.4,1.8768,1,2,4,0,2,2,1
3.89,8.54,0.6,5.124,31.63,0.6,18.978,40.17,5,0.2,1,41.28,0.6,2,0.2,0.4,1,0.4,0.4,4.2,50.67,0.8,20.268,1,2,6,0,2,4,1
3.89,4.18,0.6,2.508,4.83,0.2,0.966,9.01,5.5,0.4,2.2,14.03,0.6,2,0.2,0.4,0,0.2,0,3.2,14.492,0.4,2.8984,1,4,6,0,2,2,1
3.89,1.81,0.4,0.724,1.03,0.2,0.206,2.84,5,0.2,1,0,0.2,2,0.2,0.4,0,0.2,0,2.2,2.33,0.4,0.466,0,2,2,0,2,2,1
3.89,4.86,0.6,2.916,46.78,0.6,28.068,51.64,5.5,0.4,2.2,63.18,0.6,2,0.2,0.4,0,0.2,0,4.4,71.492,0.4,14.2984,1,4,6,0,2,2,1
3.89,6.26,0.6,3.756,14.1,0.6,8.46,20.36,5,0.2,1,34.24,0.6,2,0.2,0.4,1,0.4,0.4,4.2,34.56,0.8,13.824,1,2,6,0,2,4,1
3.89,0.02,0.2,0.004,5.94,0.4,2.376,5.96,5,0.2,1,0.01,0.2,2,0.2,0.4,0,0.2,0,2.6,3.782,0.4,0.7564,0,2,2,0,2,2,1
3.89,5.31,0.6,3.186,22.79,0.6,13.674,28.1,5,0.2,1,205.19,0.6,2,0.2,0.4,1,0.4,0.4,4.2,141.774,0.8,56.7096,1,2,6,0,2,4,1
3.89,0.94,0.2,0.188,0.01,0.2,0.002,0.95,5,0.2,1,0.1,0.2,2,0.2,0.4,0,0.2,0,2,1.61,0.4,0.322,0,2,2,0,2,2,0
3.89,5.78,0.6,3.468,57.92,0.6,34.752,63.7,5,0.2,1,11.16,0.6,2,0.2,0.4,0,0.2,0,4,46.316,0.4,9.2632,1,2,6,0,2,2,1
3.89,7.42,0.6,4.452,2.24,0.2,0.448,9.66,5,0.2,1,1.25,0.2,2,0.2,0.4,0,0.2,0,2.4,6.55,0.4,1.31,1,2,2,0,2,2,1
3.89,0,0.2,0,1.1,0.2,0.22,1.1,5,0.2,1,0.007,0.2,2,0.2,0.4,0,0.2,0,2,1.6214,0.4,0.32428,0,2,2,0,2,2,0
3.89,6.85,0.6,4.11,31.76,0.6,19.056,38.61,5,0.2,1,1.46,0.2,2,0.2,0.4,0,0.2,0,3.6,24.858,0.4,4.9716,1,2,2,0,2,2,1
3.89,0,0.2,0,1.03,0.2,0.206,1.03,5,0.2,1,0,0.2,2,0.2,0.4,0,0.2,0,2,1.606,0.4,0.3212,0,2,2,0,2,2,0
3.89,0,0.2,0,0.75,0.2,0.15,0.75,5,0.2,1,6.78,0.4,2,0.2,0.4,0,0.2,0,2.2,4.262,0.4,0.8524,0,2,4,0,2,2,1
3.89,2.4,0.6,1.44,16.63,0.6,9.978,19.03,5,0.2,1,1.16,0.2,2,0.2,0.4,0,0.2,0,3.6,13.05,0.4,2.61,1,2,2,0,2,2,1
3.89,0,0.2,0,0.05,0.2,0.01,0.05,5,0.2,1,152.41,0.6,2,0.2,0.4,0,0.2,0,2.4,92.856,0.4,18.5712,1,2,6,0,2,2,1
3.89,0,0.2,0,1.76,0.2,0.352,1.76,5,0.2,1,1.08,0.2,2,0.2,0.4,0,0.2,0,2,1.968,0.4,0.3936,0,2,2,0,2,2,0
3.89,0,0.2,0,2.97,0.2,0.594,2.97,5,0.2,1,2.84,0.2,2,0.2,0.4,0,0.2,0,2,2.562,0.4,0.5124,0,2,2,0,2,2,0
3.89,0,0.2,0,0.43,0.2,0.086,0.43,5,0.2,1,0,0.2,2,0.2,0.4,0,0.2,0,2,1.486,0.4,0.2972,0,2,2,0,2,2,0
3.89,0,0.2,0,0.94,0.2,0.188,0.94,5,0.2,1,0.9,0.2,2,0.2,0.4,0,0.2,0,2,1.768,0.4,0.3536,0,2,2,0,2,2,0
3.89,9.01,0.6,5.406,19.82,0.6,11.892,28.83,5,0.2,1,9.67,0.4,2,0.2,0.4,0,0.2,0,3.8,22.566,0.4,4.5132,1,2,4,0,2,2,1
3.89,0,0.2,0,0.05,0.2,0.01,0.05,5,0.2,1,0,0.2,2,0.2,0.4,0,0.2,0,2,1.41,0.4,0.282,0,2,2,0,2,2,0
3.89,11.95,0.6,7.17,30.9,0.6,18.54,42.85,5,0.2,1,32.68,0.6,2,0.2,0.4,0,0.2,0,4,46.718,0.4,9.3436,1,2,6,0,2,2,1
3.89,7.97,0.6,4.782,17.18,0.6,10.308,25.15,5,0.2,1,935.03,0.6,2,0.2,0.4,0,0.2,0,4,577.508,0.4,115.5016,1,2,6,0,2,2,1
3.89,0,0.2,0,3.71,0.2,0.742,3.71,5,0.2,1,29.63,0.6,2,0.2,0.4,0,0.2,0,2.4,19.92,0.4,3.984,1,2,6,0,2,2,1
3.89,0.62,0.2,0.124,2.02,0.2,0.404,2.64,5,0.2,1,0.11,0.2,2,0.2,0.4,0,0.2,0,2,1.95,0.4,0.39,0,2,2,0,2,2,0
3.89,0,0.2,0,2.27,0.2,0.454,2.27,5,0.2,1,2.62,0.2,2,0.2,0.4,0,0.2,0,2,2.378,0.4,0.4756,0,2,2,0,2,2,0
3.89,0,0.2,0,0,0.2,0,0,5,0.2,1,0,0.2,2,0.2,0.4,0,0.2,0,2,1.4,0.4,0.28,0,2,2,0,2,2,0
3.89,1.32,0.4,0.528,0,0.2,0,1.32,5,0.2,1,0.06,0.2,2,0.2,0.4,0,0.2,0,2.2,1.94,0.4,0.388,0,2,2,0,2,2,1
3.89,0,0.2,0,1.03,0.2,0.206,1.03,5,0.2,1,2.43,0.2,2,0.2,0.4,0,0.2,0,2,2.092,0.4,0.4184,0,2,2,0,2,2,0
3.89,0,0.2,0,15.38,0.6,9.228,15.38,5,0.2,1,126.13,0.6,2,0.2,0.4,0,0.2,0,3.6,86.306,0.4,17.2612,1,2,6,0,2,2,1
3.89,0,0.2,0,1.02,0.2,0.204,1.02,5,0.2,1,0,0.2,2,0.2,0.4,0,0.2,0,2,1.604,0.4,0.3208,0,2,2,0,2,2,0
3.89,0,0.2,0,20.71,0.6,12.426,20.71,5,0.2,1,20.79,0.6,2,0.2,0.4,2,0.6,1.2,4,27.5,1.6,22,1,2,6,0,2,6,1
3.89,2.95,0.6,1.77,6.56,0.4,2.624,9.51,5,0.2,1,156.92,0.6,2,0.2,0.4,0,0.2,0,3.4,99.946,0.4,19.9892,1,2,6,0,2,2,1
3.89,1.97,0.4,0.788,2.1,0.2,0.42,4.07,5,0.2,1,12.29,0.6,2,0.6,1.2,0,0.2,0,3,10.782,1.2,6.4692,1,2,6,2,6,2,1
3.89,0,0.2,0,18.05,0.6,10.83,18.05,5,0.2,1,2.29,0.2,2,0.2,0.4,0,0.2,0,3.2,12.688,0.4,2.5376,1,2,2,0,2,2,1
3.89,0,0.2,0,0.93,0.2,0.186,0.93,5,0.2,1,7.78,0.4,2,0.2,0.4,0,0.2,0,2.2,4.698,0.4,0.9396,0,2,4,0,2,2,1
3.89,0,0.2,0,1.61,0.2,0.322,1.61,5,0.2,1,2.51,0.2,2,0.2,0.4,0,0.2,0,2,2.224,0.4,0.4448,0,2,2,0,2,2,0
3.89,6.32,0.6,3.792,9.01,0.4,3.604,15.33,5,0.2,1,8.31,0.4,2,0.2,0.4,0,0.2,0,3.2,12.12,0.4,2.424,1,2,4,0,2,2,1
3.89,0,0.2,0,1.05,0.2,0.21,1.05,5,0.2,1,0.16,0.2,2,0.2,0.4,0,0.2,0,2,1.642,0.4,0.3284,0,2,2,0,2,2,0
3.89,0,0.2,0,6.8,0.4,2.72,6.8,5,0.2,1,47.9,0.6,2,0.2,0.4,0,0.2,0,3,32.86,0.4,6.572,1,2,6,0,2,2,1
3.89,14.04,0.6,8.424,10.83,0.6,6.498,24.87,5,0.2,1,8.91,0.4,2,0.2,0.4,0,0.2,0,3.8,19.886,0.4,3.9772,1,2,4,0,2,2,1
3.89,6.67,0.6,4.002,18.02,0.6,10.812,24.69,5.5,0.4,2.2,4.95,0.2,2,0.2,0.4,2,0.6,1.2,4.4,19.604,1.6,15.6832,1,4,2,0,2,6,1
3.89,0,0.2,0,0,0.2,0,0,5,0.2,1,1.75,0.2,2,0.2,0.4,0,0.2,0,2,1.75,0.4,0.35,0,2,2,0,2,2,0
3.89,0,0.2,0,0.08,0.2,0.016,0.08,5,0.2,1,0.68,0.2,2,0.2,0.4,0,0.2,0,2,1.552,0.4,0.3104,0,2,2,0,2,2,0
3.89,1.26,0.4,0.504,0.05,0.2,0.01,1.31,5,0.2,1,0,0.2,2,0.2,0.4,0,0.2,0,2.2,1.914,0.4,0.3828,0,2,2,0,2,2,1
3.89,0,0.2,0,0.03,0.2,0.006,0.03,5,0.2,1,0.06,0.2,2,0.2,0.4,0,0.2,0,2,1.418,0.4,0.2836,0,2,2,0,2,2,0
3.89,0,0.2,0,0.79,0.2,0.158,0.79,5,0.2,1,15.82,0.6,2,0.2,0.4,0,0.2,0,2.4,11.05,0.4,2.21,1,2,6,0,2,2,1
3.89,4.76,0.6,2.856,13.03,0.6,7.818,17.79,5,0.2,1,0.58,0.2,2,0.2,0.4,1,0.4,0.4,3.8,12.59,0.8,5.036,1,2,2,0,2,4,1
3.89,8.81,0.6,5.286,9.02,0.4,3.608,17.83,5,0.2,1,215.31,0.6,2,0.2,0.4,1,0.4,0.4,3.6,139.88,0.8,55.952,1,2,6,0,2,4,1
3.89,0,0.2,0,0.07,0.2,0.014,0.07,5,0.2,1,0,0.2,2,0.2,0.4,0,0.2,0,2,1.414,0.4,0.2828,0,2,2,0,2,2,0
3.89,13.92,0.6,8.352,2.2,0.2,0.44,16.12,5,0.2,1,0.05,0.2,2,0.2,0.4,0,0.2,0,2.4,10.202,0.4,2.0404,1,2,2,0,2,2,1
3.89,1.07,0.4,0.428,0,0.2,0,1.07,5,0.2,1,0,0.2,2,0.2,0.4,0,0.2,0,2.2,1.828,0.4,0.3656,0,2,2,0,2,2,1
3.89,0,0.2,0,0.89,0.2,0.178,0.89,5,0.2,1,0,0.2,2,0.2,0.4,0,0.2,0,2,1.578,0.4,0.3156,0,2,2,0,2,2,0
3.89,0,0.2,0,3.98,0.2,0.796,3.98,6,0.6,3.6,53.34,0.6,2,0.2,0.4,0,0.2,0,3.2,36.8,0.4,7.36,1,6,6,0,2,2,1
3.89,10,0.6,6,74.26,0.6,44.556,84.26,5.5,0.4,2.2,11.16,0.6,2,0.2,0.4,3,0.6,1.8,4.8,61.652,2.2,67.8172,1,4,6,0,2,6,1
3.89,4.24,0.6,2.544,8.06,0.4,3.224,12.3,5,0.2,1,10.69,0.6,2,0.2,0.4,0,0.2,0,3.4,13.582,0.4,2.7164,1,2,6,0,2,2,1
3.89,12.27,0.6,7.362,72.46,0.6,43.476,84.73,5,0.2,1,5.69,0.4,2,0.2,0.4,0,0.2,0,3.8,54.514,0.4,10.9028,1,2,4,0,2,2,1
3.89,0,0.2,0,0.96,0.2,0.192,0.96,5,0.2,1,1.35,0.2,2,0.2,0.4,0,0.2,0,2,1.862,0.4,0.3724,0,2,2,0,2,2,0
3.89,12.7,0.6,7.62,1.28,0.2,0.256,13.98,5,0.2,1,11.69,0.6,2,0.2,0.4,0,0.2,0,2.8,16.29,0.4,3.258,1,2,6,0,2,2,1
3.89,0,0.2,0,63.13,0.6,37.878,63.13,5,0.2,1,14.6,0.6,2,0.2,0.4,1,0.4,0.4,3.8,48.438,0.8,19.3752,1,2,6,0,2,4,1
3.89,1.99,0.4,0.796,10.24,0.6,6.144,12.23,5,0.2,1,20.78,0.6,2,0.2,0.4,0,0.2,0,3.8,20.808,0.4,4.1616,1,2,6,0,2,2,1
3.89,0.05,0.2,0.01,0.21,0.2,0.042,0.26,5.5,0.4,2.2,102.22,0.6,2,0.2,0.4,0,0.2,0,2.8,63.984,0.4,12.7968,1,4,6,0,2,2,1
3.89,0,0.2,0,7.37,0.4,2.948,7.37,5,0.2,1,0.74,0.2,2,0.2,0.4,0,0.2,0,2.6,4.496,0.4,0.8992,0,2,2,0,2,2,1
3.89,0,0.2,0,3.72,0.2,0.744,3.72,5,0.2,1,0,0.2,2,0.2,0.4,9,0.6,5.4,2.4,7.544,5.8,21.8776,1,2,2,0,2,6,1
3.89,71.48,0.6,42.888,25.63,0.6,15.378,97.11,5,0.2,1,873.37,0.6,2,0.2,0.4,0,0.2,0,4,583.688,0.4,116.7376,1,2,6,0,2,2,1
3.89,0,0.2,0,0,0.2,0,0,5,0.2,1,0,0.2,2,0.2,0.4,0,0.2,0,2,1.4,0.4,0.28,0,2,2,0,2,2,0
3.89,0.74,0.2,0.148,1,0.2,0.2,1.74,5,0.2,1,0,0.2,2,0.2,0.4,0,0.2,0,2,1.748,0.4,0.3496,0,2,2,0,2,2,0
3.89,0,0.2,0,0.58,0.2,0.116,0.58,5,0.2,1,0,0.2,2,0.2,0.4,0,0.2,0,2,1.516,0.4,0.3032,0,2,2,0,2,2,0
3.89,8.46,0.6,5.076,72.76,0.6,43.656,81.22,5,0.2,1,1.4,0.2,2,0.4,0.8,2,0.6,1.2,4.2,52.012,2,52.012,1,2,2,1,4,6,1
3.89,0.42,0.2,0.084,0.07,0.2,0.014,0.49,5,0.2,1,0.42,0.2,2,0.2,0.4,0,0.2,0,2,1.582,0.4,0.3164,0,2,2,0,2,2,0
3.89,0.01,0.2,0.002,1.29,0.2,0.258,1.3,5.5,0.4,2.2,36.52,0.6,4,0.2,0.8,0,0.2,0,3,25.172,0.8,10.0688,1,4,6,0,2,2,1
3.89,6.85,0.6,4.11,65.93,0.6,39.558,72.78,5.5,0.4,2.2,6.02,0.4,4,0.2,0.8,0,0.2,0,4.4,49.076,0.8,19.6304,1,4,4,0,2,2,1
3.89,5.37,0.6,3.222,8.62,0.4,3.448,13.99,5,0.2,1,17.16,0.6,4,0.2,0.8,0,0.2,0,3.6,18.766,0.8,7.5064,1,2,6,0,2,2,1
3.89,4.93,0.6,2.958,6.54,0.4,2.616,11.47,5.5,0.4,2.2,12.91,0.6,4,0.2,0.8,0,0.2,0,4,16.32,0.8,6.528,1,4,6,0,2,2,1
3.89,1.22,0.4,0.488,0.06,0.2,0.012,1.28,5,0.2,1,0,0.2,4,0.2,0.8,0,0.2,0,2.4,2.3,0.8,0.92,0,2,2,0,2,2,1
3.89,0,0.2,0,0.85,0.2,0.17,0.85,5,0.2,1,0,0.2,4,0.2,0.8,0,0.2,0,2.2,1.97,0.8,0.788,0,2,2,0,2,2,1
3.89,15.72,0.6,9.432,57.94,0.6,34.764,73.66,6,0.6,3.6,10.79,0.6,6,0.2,1.2,0,0.2,0,5.2,55.47,1.2,33.282,1,6,6,0,2,2,1
3.89,4.95,0.6,2.97,42.61,0.6,25.566,47.56,5,0.2,1,3.46,0.2,6,0.2,1.2,1,0.4,0.4,4.2,31.828,1.6,25.4624,1,2,2,0,2,4,1
3.89,0,0.2,0,0.08,0.2,0.016,0.08,5,0.2,1,0.06,0.2,6,0.2,1.2,0,0.2,0,2.4,2.228,1.2,1.3368,1,2,2,0,2,2,1
3.89,1.19,0.4,0.476,12.88,0.6,7.728,14.07,5,0.2,1,2.33,0.2,6,0.2,1.2,0,0.2,0,3.8,10.87,1.2,6.522,1,2,2,0,2,2,1
3.89,0,0.2,0,2.72,0.2,0.544,2.72,5,0.2,1,5.58,0.4,6,0.2,1.2,0,0.2,0,2.6,4.976,1.2,2.9856,1,2,4,0,2,2,1
3.89,0,0.2,0,1.66,0.2,0.332,1.66,5,0.2,1,0.76,0.2,6,0.2,1.2,0,0.2,0,2.4,2.684,1.2,1.6104,1,2,2,0,2,2,1
3.89,6.47,0.6,3.882,12.18,0.6,7.308,18.65,5,0.2,1,25.27,0.6,6,0.2,1.2,0,0.2,0,4.4,28.552,1.2,17.1312,1,2,6,0,2,2,1
3.89,1.33,0.4,0.532,0,0.2,0,1.33,5,0.2,1,0.2,0.2,6,0.2,1.2,0,0.2,0,2.6,2.772,1.2,1.6632,1,2,2,0,2,2,1
3.89,0,0.2,0,1.1,0.2,0.22,1.1,5,0.2,1,0,0.2,6,0.2,1.2,0,0.2,0,2.4,2.42,1.2,1.452,1,2,2,0,2,2,1
3.89,2.57,0.6,1.542,4.49,0.2,0.898,7.06,5,0.2,1,7.56,0.4,2,0.2,0.4,1,0.4,0.4,2.8,7.264,0.8,2.9056,1,2,4,0,2,4,1
3.89,0,0.2,0,1.88,0.2,0.376,1.88,5,0.2,1,0,0.2,2,0.2,0.4,0,0.2,0,2,1.776,0.4,0.3552,0,2,2,0,2,2,0
3.89,0.77,0.2,0.154,18.31,0.6,10.986,19.08,5,0.2,1,67.03,0.6,2,0.2,0.4,0,0.2,0,3.6,52.758,0.4,10.5516,1,2,6,0,2,2,1
3.89,5.23,0.6,3.138,5.89,0.4,2.356,11.12,5,0.2,1,19.4,0.6,2,0.2,0.4,0,0.2,0,3.4,18.534,0.4,3.7068,1,2,6,0,2,2,1
3.89,6.59,0.6,3.954,23.66,0.6,14.196,30.25,5,0.2,1,34.83,0.6,2,0.2,0.4,1,0.4,0.4,4.2,40.848,0.8,16.3392,1,2,6,0,2,4,1
3.89,7.18,0.6,4.308,14.63,0.6,8.778,21.81,5,0.2,1,98.75,0.6,2,0.2,0.4,0,0.2,0,4,73.736,0.4,14.7472,1,2,6,0,2,2,1
3.89,1,0.4,0.4,0,0.2,0,1,5,0.2,1,0.36,0.2,2,0.2,0.4,0,0.2,0,2.2,1.872,0.4,0.3744,0,2,2,0,2,2,1
3.89,0,0.2,0,0.06,0.2,0.012,0.06,5,0.2,1,0,0.2,2,0.2,0.4,0,0.2,0,2,1.412,0.4,0.2824,0,2,2,0,2,2,0
3.89,2.63,0.6,1.578,2.55,0.2,0.51,5.18,5,0.2,1,0,0.2,2,0.2,0.4,0,0.2,0,2.4,3.488,0.4,0.6976,0,2,2,0,2,2,1
3.89,0,0.2,0,0.87,0.2,0.174,0.87,5,0.2,1,0,0.2,2,0.2,0.4,0,0.2,0,2,1.574,0.4,0.3148,0,2,2,0,2,2,0
3.89,10.96,0.6,6.576,41.47,0.6,24.882,52.43,5,0.2,1,35.21,0.6,2,0.2,0.4,1,0.4,0.4,4.2,54.384,0.8,21.7536,1,2,6,0,2,4,1
3.89,0,0.2,0,0.23,0.2,0.046,0.23,5,0.2,1,0,0.2,2,0.2,0.4,0,0.2,0,2,1.446,0.4,0.2892,0,2,2,0,2,2,0
3.41,4.25,0.6,2.55,45.51,0.6,27.306,49.76,5.5,0.4,2.2,8.2,0.4,2,0.2,0.4,0,0.2,0,4.2,35.736,0.4,7.1472,1,4,4,0,2,2,1
3.41,1.98,0.4,0.792,51.42,0.6,30.852,53.4,5.5,0.4,2.2,20.33,0.6,2,0.2,0.4,1,0.4,0.4,4.4,46.842,0.8,18.7368,1,4,6,0,2,4,1
3.41,1.44,0.4,0.576,29.25,0.6,17.55,30.69,5,0.2,1,35.13,0.6,2,0.2,0.4,0,0.2,0,3.8,40.604,0.4,8.1208,1,2,6,0,2,2,1
3.41,1.52,0.4,0.608,37.33,0.6,22.398,38.85,5.5,0.4,2.2,63.7,0.6,2,0.2,0.4,0,0.2,0,4.2,63.826,0.4,12.7652,1,4,6,0,2,2,1
3.41,3.63,0.6,2.178,10.85,0.4,4.34,14.48,5,0.2,1,0.28,0.2,2,0.2,0.4,0,0.2,0,3,7.974,0.4,1.5948,1,2,2,0,2,2,1
3.41,1.35,0.4,0.54,66.35,0.6,39.81,67.7,5.5,0.4,2.2,27.13,0.6,2,0.2,0.4,3,0.6,1.8,4.6,61.028,2.2,67.1308,1,4,6,0,2,6,1
3.41,9.97,0.6,5.982,88.73,0.6,53.238,98.7,5,0.2,1,10.27,0.6,2,0.2,0.4,0,0.2,0,4,66.782,0.4,13.3564,1,2,6,0,2,2,1
3.41,1.41,0.4,0.564,36.16,0.6,21.696,37.57,5,0.2,1,13.05,0.6,2,0.6,1.2,0,0.2,0,4.2,32.29,1.2,19.374,1,2,6,2,6,2,1
3.41,1.98,0.4,0.792,67.91,0.6,40.746,69.89,5.5,0.4,2.2,18.79,0.6,2,0.2,0.4,1,0.4,0.4,4.4,55.812,0.8,22.3248,1,4,6,0,2,4,1
3.41,10.08,0.6,6.048,22.31,0.6,13.386,32.39,5.5,0.4,2.2,16.82,0.6,2,0.2,0.4,0,0.2,0,4.4,32.126,0.4,6.4252,1,4,6,0,2,2,1
3.41,1.44,0.4,0.576,9.65,0.4,3.86,11.09,6.5,0.6,3.9,10.03,0.6,2,0.2,0.4,0,0.2,0,4,14.754,0.4,2.9508,1,6,6,0,2,2,1
3.41,25.4,0.6,15.24,51.74,0.6,31.044,77.14,5,0.2,1,12.67,0.6,6,0.2,1.2,2,0.6,1.2,4.8,57.286,2.4,68.7432,1,2,6,0,2,6,1
3.41,3.21,0.6,1.926,72.07,0.6,43.242,75.28,5,0.2,1,13.79,0.6,6,0.2,1.2,1,0.4,0.4,4.6,56.042,1.6,44.8336,1,2,6,0,2,4,1
3.41,12.28,0.6,7.368,20.62,0.6,12.372,32.9,5,0.2,1,10.16,0.6,2,0.2,0.4,1,0.4,0.4,4.2,27.636,0.8,11.0544,1,2,6,0,2,4,1
3.41,6.93,0.6,4.158,70.26,0.6,42.156,77.19,5,0.2,1,9.73,0.4,2,0.2,0.4,0,0.2,0,3.8,51.606,0.4,10.3212,1,2,4,0,2,2,1
3.41,3.34,0.6,2.004,37.59,0.6,22.554,40.93,5,0.2,1,26.95,0.6,2,0.2,0.4,0,0.2,0,4,42.128,0.4,8.4256,1,2,6,0,2,2,1
3.41,15.66,0.6,9.396,74.53,0.6,44.718,90.19,5,0.2,1,29.07,0.6,2,0.2,0.4,0,0.2,0,4,72.956,0.4,14.5912,1,2,6,0,2,2,1
3.41,2.92,0.6,1.752,5.24,0.4,2.096,8.16,5,0.2,1,9.76,0.4,2,0.2,0.4,0,0.2,0,3.2,9.152,0.4,1.8304,1,2,4,0,2,2,1
3.41,0.83,0.2,0.166,28.06,0.6,16.836,28.89,5,0.2,1,13.31,0.6,2,0.2,0.4,0,0.2,0,3.6,26.388,0.4,5.2776,1,2,6,0,2,2,1
3.41,1.97,0.4,0.788,30.25,0.6,18.15,32.22,5,0.2,1,0.68,0.2,2,0.2,0.4,0,0.2,0,3.4,20.474,0.4,4.0948,1,2,2,0,2,2,1
3.41,10,0.6,6,47.9,0.6,28.74,57.9,5,0.2,1,7.7,0.4,2,0.2,0.4,0,0.2,0,3.8,39.22,0.4,7.844,1,2,4,0,2,2,1
3.41,13.06,0.6,7.836,45.42,0.6,27.252,58.48,5,0.2,1,10.4,0.6,2,0.2,0.4,0,0.2,0,4,42.728,0.4,8.5456,1,2,6,0,2,2,1
3.41,1.35,0.4,0.54,33.25,0.6,19.95,34.6,5.5,0.4,2.2,20.62,0.6,2,0.2,0.4,0,0.2,0,4.2,35.462,0.4,7.0924,1,4,6,0,2,2,1
3.41,4.13,0.6,2.478,16.74,0.6,10.044,20.87,5,0.2,1,44.02,0.6,2,0.2,0.4,0,0.2,0,4,40.334,0.4,8.0668,1,2,6,0,2,2,1
3.41,12.62,0.6,7.572,80.06,0.6,48.036,92.68,5.5,0.4,2.2,43.53,0.6,4,0.2,0.8,0,0.2,0,4.6,84.726,0.8,33.8904,1,4,6,0,2,2,1
3.41,16.36,0.6,9.816,41.1,0.6,24.66,57.46,5,0.2,1,12.03,0.6,4,0.2,0.8,0,0.2,0,4.2,43.494,0.8,17.3976,1,2,6,0,2,2,1
3.41,12.68,0.6,7.608,41,0.6,24.6,53.68,5.5,0.4,2.2,11.88,0.6,2,0.2,0.4,0,0.2,0,4.4,41.936,0.4,8.3872,1,4,6,0,2,2,1
3.41,11.73,0.6,7.038,85.87,0.6,51.522,97.6,5,0.2,1,6.96,0.4,2,0.2,0.4,1,0.4,0.4,4,63.144,0.8,25.2576,1,2,4,0,2,4,1
3.41,5.15,0.6,3.09,44.67,0.6,26.802,49.82,5.5,0.4,2.2,21.07,0.6,2,0.2,0.4,0,0.2,0,4.4,45.134,0.4,9.0268,1,4,6,0,2,2,1
3.41,6.61,0.6,3.966,55.62,0.6,33.372,62.23,5,0.2,1,57.16,0.6,2,0.4,0.8,0,0.2,0,4.2,73.434,0.8,29.3736,1,2,6,1,4,2,1
3.41,8.03,0.6,4.818,94.43,0.6,56.658,102.46,5.5,0.4,2.2,10.65,0.6,2,0.2,0.4,2,0.6,1.2,4.8,71.666,1.6,57.3328,1,4,6,0,2,6,1
3.41,1.21,0.4,0.484,34.03,0.6,20.418,35.24,5,0.2,1,5.36,0.4,2,0.2,0.4,0,0.2,0,3.6,24.446,0.4,4.8892,1,2,4,0,2,2,1
3.41,1.64,0.4,0.656,46.21,0.6,27.726,47.85,5,0.2,1,2.45,0.2,2,0.2,0.4,0,0.2,0,3.4,30.272,0.4,6.0544,1,2,2,0,2,2,1
3.41,1.21,0.4,0.484,43.84,0.6,26.304,45.05,5.5,0.4,2.2,31.61,0.6,2,0.2,0.4,0,0.2,0,4.2,48.354,0.4,9.6708,1,4,6,0,2,2,1
3.41,1.1,0.4,0.44,87.71,0.6,52.626,88.81,5.5,0.4,2.2,34.32,0.6,2,0.2,0.4,0,0.2,0,4.2,76.258,0.4,15.2516,1,4,6,0,2,2,1
3.41,4.17,0.6,2.502,24.37,0.6,14.622,28.54,5,0.2,1,4.24,0.2,2,0.2,0.4,0,0.2,0,3.6,19.372,0.4,3.8744,1,2,2,0,2,2,1
3.41,1.08,0.4,0.432,32.71,0.6,19.626,33.79,5,0.2,1,8.38,0.4,2,0.2,0.4,0,0.2,0,3.6,24.81,0.4,4.962,1,2,4,0,2,2,1
3.41,12.29,0.6,7.374,25.74,0.6,15.444,38.03,5,0.2,1,22.1,0.6,2,0.4,0.8,0,0.2,0,4.2,37.878,0.8,15.1512,1,2,6,1,4,2,1
3.41,12.54,0.6,7.524,31.62,0.6,18.972,44.16,5,0.2,1,54.07,0.6,2,0.2,0.4,0,0.2,0,4,60.338,0.4,12.0676,1,2,6,0,2,2,1
3.41,17.26,0.6,10.356,44.22,0.6,26.532,61.48,5,0.2,1,27.68,0.6,2,0.2,0.4,1,0.4,0.4,4.2,55.296,0.8,22.1184,1,2,6,0,2,4,1
3.41,1.15,0.4,0.46,20.1,0.6,12.06,21.25,6,0.6,3.6,21.45,0.6,2,0.2,0.4,0,0.2,0,4.6,29.39,0.4,5.878,1,6,6,0,2,2,1
3.41,20.04,0.6,12.024,48.9,0.6,29.34,68.94,5,0.2,1,11.09,0.6,2,0.2,0.4,0,0.2,0,4,49.418,0.4,9.8836,1,2,6,0,2,2,1
3.41,12.17,0.6,7.302,47,0.6,28.2,59.17,6,0.6,3.6,10.14,0.6,2,0.2,0.4,0,0.2,0,4.8,45.586,0.4,9.1172,1,6,6,0,2,2,1
3.41,10.37,0.6,6.222,105.56,0.6,63.336,115.93,9,0.6,5.4,52.13,0.6,2,0.2,0.4,0,0.2,0,4.8,106.636,0.4,21.3272,1,6,6,0,2,2,1
3.41,9.67,0.6,5.802,62.25,0.6,37.35,71.92,5.5,0.4,2.2,17.02,0.6,2,0.2,0.4,0,0.2,0,4.4,55.964,0.4,11.1928,1,4,6,0,2,2,1
3.41,3.77,0.6,2.262,40.86,0.6,24.516,44.63,5,0.2,1,18,0.6,2,0.2,0.4,0,0.2,0,4,38.978,0.4,7.7956,1,2,6,0,2,2,1
3.41,4.73,0.6,2.838,60.22,0.6,36.132,64.95,5,0.2,1,69.76,0.6,2,0.2,0.4,0,0.2,0,4,82.226,0.4,16.4452,1,2,6,0,2,2,1
3.41,6.31,0.6,3.786,19.42,0.6,11.652,25.73,5.5,0.4,2.2,13.88,0.6,2,0.2,0.4,0,0.2,0,4.4,26.366,0.4,5.2732,1,4,6,0,2,2,1
3.41,5.61,0.6,3.366,1.56,0.2,0.312,7.17,5,0.2,1,4.03,0.2,2,0.2,0.4,0,0.2,0,2.4,5.884,0.4,1.1768,1,2,2,0,2,2,1
3.41,5.22,0.6,3.132,20.94,0.6,12.564,26.16,5,0.2,1,2.44,0.2,2,0.2,0.4,0,0.2,0,3.6,17.584,0.4,3.5168,1,2,2,0,2,2,1
3.41,0.31,0.2,0.062,58.12,0.6,34.872,58.43,5,0.2,1,78.98,0.6,2,0.4,0.8,0,0.2,0,3.8,84.122,0.8,33.6488,1,2,6,1,4,2,1
3.41,2.86,0.6,1.716,17.09,0.6,10.254,19.95,5.5,0.4,2.2,6.88,0.4,2,0.2,0.4,0,0.2,0,4.2,17.322,0.4,3.4644,1,4,4,0,2,2,1
3.41,16.53,0.6,9.918,72.99,0.6,43.794,89.52,5,0.2,1,5.49,0.4,2,0.2,0.4,1,0.4,0.4,4,57.708,0.8,23.0832,1,2,4,0,2,4,1
3.41,2.7,0.6,1.62,45.16,0.6,27.096,47.86,5,0.2,1,37.79,0.6,2,0.2,0.4,0,0.2,0,4,52.79,0.4,10.558,1,2,6,0,2,2,1
3.41,3.08,0.6,1.848,60.78,0.6,36.468,63.86,5,0.2,1,0.36,0.2,2,0.2,0.4,0,0.2,0,3.6,39.788,0.4,7.9576,1,2,2,0,2,2,1
3.41,2,0.6,1.2,49.19,0.6,29.514,51.19,5,0.2,1,60.88,0.6,2,0.2,0.4,1,0.4,0.4,4.2,69.042,0.8,27.6168,1,2,6,0,2,4,1
3.41,1.18,0.4,0.472,0,0.2,0,1.18,5.5,0.4,2.2,183.2,0.6,2,0.4,0.8,0,0.2,0,3.2,113.392,0.8,45.3568,1,4,6,1,4,2,1
3.41,1.07,0.4,0.428,0,0.2,0,1.07,5,0.2,1,10.02,0.6,2,0.2,0.4,0,0.2,0,2.6,7.84,0.4,1.568,1,2,6,0,2,2,1
3.41,1.07,0.4,0.428,0,0.2,0,1.07,5,0.2,1,0,0.2,6,0.2,1.2,0,0.2,0,2.6,2.628,1.2,1.5768,1,2,2,0,2,2,1
3.41,1.01,0.4,0.404,0,0.2,0,1.01,5,0.2,1,0,0.2,2,0.2,0.4,0,0.2,0,2.2,1.804,0.4,0.3608,0,2,2,0,2,2,1
3.41,0.93,0.2,0.186,0,0.2,0,0.93,5,0.2,1,0,0.2,2,0.2,0.4,0,0.2,0,2,1.586,0.4,0.3172,0,2,2,0,2,2,0
3.41,4.01,0.6,2.406,0,0.2,0,4.01,5,0.2,1,0,0.2,2,0.2,0.4,0,0.2,0,2.4,3.806,0.4,0.7612,0,2,2,0,2,2,1
3.41,0.77,0.2,0.154,0,0.2,0,0.77,5,0.2,1,0.32,0.2,2,0.2,0.4,0,0.2,0,2,1.618,0.4,0.3236,0,2,2,0,2,2,0
3.41,1.05,0.4,0.42,0,0.2,0,1.05,5,0.2,1,0,0.2,2,0.2,0.4,0,0.2,0,2.2,1.82,0.4,0.364,0,2,2,0,2,2,1
3.41,1.01,0.4,0.404,0,0.2,0,1.01,5,0.2,1,0.28,0.2,2,0.2,0.4,0,0.2,0,2.2,1.86,0.4,0.372,0,2,2,0,2,2,1
3.41,0.91,0.2,0.182,0,0.2,0,0.91,5,0.2,1,0,0.2,2,0.2,0.4,0,0.2,0,2,1.582,0.4,0.3164,0,2,2,0,2,2,0
3.41,1.12,0.4,0.448,0,0.2,0,1.12,5,0.2,1,0,0.2,2,0.2,0.4,0,0.2,0,2.2,1.848,0.4,0.3696,0,2,2,0,2,2,1
3.41,0.8,0.2,0.16,0,0.2,0,0.8,5,0.2,1,0.18,0.2,2,0.2,0.4,0,0.2,0,2,1.596,0.4,0.3192,0,2,2,0,2,2,0
3.41,0.65,0.2,0.13,0,0.2,0,0.65,5,0.2,1,0,0.2,2,0.2,0.4,0,0.2,0,2,1.53,0.4,0.306,0,2,2,0,2,2,0
3.41,0.63,0.2,0.126,0,0.2,0,0.63,5,0.2,1,0,0.2,2,0.2,0.4,0,0.2,0,2,1.526,0.4,0.3052,0,2,2,0,2,2,0
3.41,0.43,0.2,0.086,0,0.2,0,0.43,5,0.2,1,0,0.2,2,0.2,0.4,0,0.2,0,2,1.486,0.4,0.2972,0,2,2,0,2,2,0
3.41,1.21,0.4,0.484,0,0.2,0,1.21,5,0.2,1,0,0.2,2,0.2,0.4,0,0.2,0,2.2,1.884,0.4,0.3768,0,2,2,0,2,2,1
3.41,0.17,0.2,0.034,0,0.2,0,0.17,5,0.2,1,0,0.2,2,0.2,0.4,0,0.2,0,2,1.434,0.4,0.2868,0,2,2,0,2,2,0
3.41,0,0.2,0,0,0.2,0,0,5,0.2,1,0,0.2,4,0.2,0.8,0,0.2,0,2.2,1.8,0.8,0.72,0,2,2,0,2,2,1
3.41,0,0.2,0,0,0.2,0,0,5,0.2,1,0,0.2,2,0.2,0.4,0,0.2,0,2,1.4,0.4,0.28,0,2,2,0,2,2,0
3.41,0.07,0.2,0.014,0,0.2,0,0.07,5,0.2,1,0,0.2,2,0.2,0.4,0,0.2,0,2,1.414,0.4,0.2828,0,2,2,0,2,2,0
2.72,5.11,0.6,3.066,53.76,0.6,32.256,58.87,6,0.6,3.6,48.56,0.6,2,0.2,0.4,2,0.6,1.2,5.2,69.658,1.6,55.7264,1,6,6,0,2,6,1
2.72,2.46,0.6,1.476,6.72,0.4,2.688,9.18,5,0.2,1,0,0.2,2,0.2,0.4,0,0.2,0,3,5.564,0.4,1.1128,1,2,2,0,2,2,1
2.72,4.05,0.6,2.43,21.66,0.6,12.996,25.71,5.5,0.4,2.2,18.45,0.6,2,0.2,0.4,0,0.2,0,4.4,29.096,0.4,5.8192,1,4,6,0,2,2,1
2.72,2.81,0.6,1.686,4.6,0.2,0.92,7.41,5,0.2,1,8.44,0.4,2,0.2,0.4,0,0.2,0,2.6,7.382,0.4,1.4764,1,2,4,0,2,2,1
2.72,4.43,0.6,2.658,61.47,0.6,36.882,65.9,5.5,0.4,2.2,39.65,0.6,2,0.2,0.4,0,0.2,0,4.4,65.93,0.4,13.186,1,4,6,0,2,2,1
2.72,3.48,0.6,2.088,17.85,0.6,10.71,21.33,5,0.2,1,9.53,0.4,2,0.2,0.4,0,0.2,0,3.8,18.01,0.4,3.602,1,2,4,0,2,2,1
2.72,3.62,0.6,2.172,44.28,0.6,26.568,47.9,5,0.2,1,44.67,0.6,2,0.2,0.4,0,0.2,0,4,56.942,0.4,11.3884,1,2,6,0,2,2,1
2.72,4.34,0.6,2.604,24.13,0.6,14.478,28.47,5,0.2,1,3.42,0.2,2,0.2,0.4,0,0.2,0,3.6,19.166,0.4,3.8332,1,2,2,0,2,2,1
2.72,3.62,0.6,2.172,8.37,0.4,3.348,11.99,5,0.2,1,0,0.2,2,0.2,0.4,0,0.2,0,3,6.92,0.4,1.384,1,2,2,0,2,2,1
2.72,3.11,0.6,1.866,113.97,0.6,68.382,117.08,5.5,0.4,2.2,26.64,0.6,2,0.2,0.4,0,0.2,0,4.4,88.832,0.4,17.7664,1,4,6,0,2,2,1
2.72,1.65,0.4,0.66,20.86,0.6,12.516,22.51,5,0.2,1,16.91,0.6,2,0.2,0.4,0,0.2,0,3.8,24.722,0.4,4.9444,1,2,6,0,2,2,1
2.72,3.43,0.6,2.058,1.53,0.2,0.306,4.96,5,0.2,1,0,0.2,2,0.2,0.4,0,0.2,0,2.4,3.764,0.4,0.7528,0,2,2,0,2,2,1
2.72,3.84,0.6,2.304,98.67,0.6,59.202,102.51,5,0.2,1,12.9,0.6,2,0.2,0.4,0,0.2,0,4,70.646,0.4,14.1292,1,2,6,0,2,2,1
2.72,7.42,0.6,4.452,115.87,0.6,69.522,123.29,6,0.6,3.6,6.79,0.4,2,0.2,0.4,1,0.4,0.4,4.8,81.09,0.8,32.436,1,6,4,0,2,4,1
2.72,7.07,0.6,4.242,35.48,0.6,21.288,42.55,5,0.2,1,8.76,0.4,2,0.2,0.4,0,0.2,0,3.8,30.434,0.4,6.0868,1,2,4,0,2,2,1
2.72,3.26,0.6,1.956,5.55,0.4,2.22,8.81,5,0.2,1,0.21,0.2,6,0.2,1.2,0,0.2,0,3.4,6.418,1.2,3.8508,1,2,2,0,2,2,1
2.72,3.84,0.6,2.304,144.39,0.6,86.634,148.23,5,0.2,1,19.68,0.6,2,0.4,0.8,1,0.4,0.4,4.4,102.946,1.2,61.7676,1,2,6,1,4,4,1
2.72,5.5,0.6,3.3,93.26,0.6,55.956,98.76,5,0.2,1,14.27,0.6,2,0.2,0.4,0,0.2,0,4,69.218,0.4,13.8436,1,2,6,0,2,2,1
2.72,1.9,0.4,0.76,35.04,0.6,21.024,36.94,6.5,0.6,3.9,16.19,0.6,2,0.2,0.4,0,0.2,0,4.6,35.798,0.4,7.1596,1,6,6,0,2,2,1
2.72,3.5,0.6,2.1,16.09,0.6,9.654,19.59,5,0.2,1,5.03,0.4,2,0.2,0.4,0,0.2,0,3.8,15.166,0.4,3.0332,1,2,4,0,2,2,1
2.72,1.46,0.4,0.584,0.75,0.2,0.15,2.21,5,0.2,1,0.11,0.2,2,0.2,0.4,0,0.2,0,2.2,2.156,0.4,0.4312,0,2,2,0,2,2,1
2.72,4.6,0.6,2.76,54.99,0.6,32.994,59.59,5,0.2,1,14.1,0.6,2,0.2,0.4,0,0.2,0,4,45.614,0.4,9.1228,1,2,6,0,2,2,1
2.72,7.43,0.6,4.458,79.5,0.6,47.7,86.93,5,0.2,1,102.39,0.6,2,0.2,0.4,0,0.2,0,4,114.992,0.4,22.9984,1,2,6,0,2,2,1
2.72,3.51,0.6,2.106,52.89,0.6,31.734,56.4,5,0.2,1,4.26,0.2,2,0.2,0.4,0,0.2,0,3.6,36.092,0.4,7.2184,1,2,2,0,2,2,1
2.72,5.65,0.6,3.39,67.16,0.6,40.296,72.81,6,0.6,3.6,27.23,0.6,2,0.2,0.4,0,0.2,0,4.8,64.024,0.4,12.8048,1,6,6,0,2,2,1
2.72,1.33,0.4,0.532,0.35,0.2,0.07,1.68,5,0.2,1,0,0.2,2,0.2,0.4,0,0.2,0,2.2,2.002,0.4,0.4004,0,2,2,0,2,2,1
2.72,5.45,0.6,3.27,71.09,0.6,42.654,76.54,5.5,0.4,2.2,59.18,0.6,2,0.2,0.4,0,0.2,0,4.4,84.032,0.4,16.8064,1,4,6,0,2,2,1
2.72,1.73,0.4,0.692,5.64,0.4,2.256,7.37,5,0.2,1,13.35,0.6,2,0.2,0.4,0,0.2,0,3.2,12.358,0.4,2.4716,1,2,6,0,2,2,1
2.72,6.02,0.6,3.612,135.69,0.6,81.414,141.71,6,0.6,3.6,89.64,0.6,4,0.2,0.8,0,0.2,0,5,143.21,0.8,57.284,1,6,6,0,2,2,1
2.72,3.22,0.6,1.932,55.64,0.6,33.384,58.86,5,0.2,1,80.8,0.6,2,0.4,0.8,0,0.2,0,4.2,85.596,0.8,34.2384,1,2,6,1,4,2,1
2.72,2.41,0.6,1.446,5.28,0.4,2.112,7.69,5,0.2,1,8.95,0.4,4,0.2,0.8,0,0.2,0,3.4,8.938,0.8,3.5752,1,2,4,0,2,2,1
2.72,2.84,0.6,1.704,64.91,0.6,38.946,67.75,5.5,0.4,2.2,124.59,0.6,4,0.2,0.8,0,0.2,0,4.6,118.404,0.8,47.3616,1,4,6,0,2,2,1
2.72,1.75,0.4,0.7,0.57,0.2,0.114,2.32,5,0.2,1,0,0.2,4,0.2,0.8,0,0.2,0,2.4,2.614,0.8,1.0456,1,2,2,0,2,2,1
2.72,2.18,0.6,1.308,30.81,0.6,18.486,32.99,5,0.2,1,5.8,0.4,4,0.2,0.8,0,0.2,0,4,23.914,0.8,9.5656,1,2,4,0,2,2,1
2.72,3.26,0.6,1.956,2.81,0.2,0.562,6.07,6,0.6,3.6,21.6,0.6,4,0.2,0.8,0,0.2,0,3.8,19.878,0.8,7.9512,1,6,6,0,2,2,1
2.72,4.43,0.6,2.658,51.32,0.6,30.792,55.75,5.5,0.4,2.2,145.97,0.6,2,0.2,0.4,0,0.2,0,4.4,123.632,0.4,24.7264,1,4,6,0,2,2,1
2.72,5.61,0.6,3.366,99.33,0.6,59.598,104.94,6.5,0.6,3.9,76.47,0.6,2,0.2,0.4,0,0.2,0,4.8,113.146,0.4,22.6292,1,6,6,0,2,2,1
2.72,3.9,0.6,2.34,27.92,0.6,16.752,31.82,5,0.2,1,47.6,0.6,2,0.2,0.4,0,0.2,0,4,49.052,0.4,9.8104,1,2,6,0,2,2,1
2.72,2.19,0.6,1.314,0.68,0.2,0.136,2.87,5,0.2,1,28.4,0.6,2,0.2,0.4,0,0.2,0,2.8,19.89,0.4,3.978,1,2,6,0,2,2,1
2.72,1.56,0.4,0.624,14.64,0.4,5.856,16.2,5,0.2,1,25.97,0.6,2,0.2,0.4,0,0.2,0,3.2,23.462,0.4,4.6924,1,2,6,0,2,2,1
2.72,4.53,0.6,2.718,87.93,0.6,52.758,92.46,5,0.2,1,85.81,0.6,2,0.2,0.4,0,0.2,0,4,108.362,0.4,21.6724,1,2,6,0,2,2,1
2.72,4.97,0.6,2.982,42.19,0.6,25.314,47.16,5.5,0.4,2.2,45.37,0.6,2,0.2,0.4,0,0.2,0,4.4,58.118,0.4,11.6236,1,4,6,0,2,2,1
2.72,2.13,0.6,1.278,0.59,0.2,0.118,2.72,5,0.2,1,0.76,0.2,2,0.2,0.4,0,0.2,0,2.4,2.948,0.4,0.5896,0,2,2,0,2,2,1
2.72,3.66,0.6,2.196,15.47,0.6,9.282,19.13,5,0.2,1,1.43,0.2,2,0.2,0.4,0,0.2,0,3.6,13.164,0.4,2.6328,1,2,2,0,2,2,1
2.72,1.64,0.4,0.656,0.19,0.2,0.038,1.83,5,0.2,1,1.59,0.2,2,0.2,0.4,0,0.2,0,2.2,2.412,0.4,0.4824,0,2,2,0,2,2,1
2.72,4.9,0.6,2.94,98.71,0.6,59.226,103.61,5.5,0.4,2.2,82.99,0.6,2,0.2,0.4,1,0.4,0.4,4.6,114.96,0.8,45.984,1,4,6,0,2,4,1
2.72,5.68,0.6,3.408,67.38,0.6,40.428,73.06,5,0.2,1,86.7,0.6,2,0.2,0.4,1,0.4,0.4,4.2,97.656,0.8,39.0624,1,2,6,0,2,4,1
2.72,3.99,0.6,2.394,92.05,0.6,55.23,96.04,5,0.2,1,15.14,0.6,2,0.2,0.4,1,0.4,0.4,4.2,68.508,0.8,27.4032,1,2,6,0,2,4,1
2.72,3.47,0.6,2.082,47.07,0.6,28.242,50.54,5,0.2,1,31.38,0.6,2,0.2,0.4,0,0.2,0,4,50.552,0.4,10.1104,1,2,6,0,2,2,1
2.72,2.68,0.6,1.608,38.32,0.6,22.992,41,5,0.2,1,7.17,0.4,2,0.2,0.4,0,0.2,0,3.8,28.868,0.4,5.7736,1,2,4,0,2,2,1
2.72,2.13,0.6,1.278,42.64,0.6,25.584,44.77,5,0.2,1,18.24,0.6,2,0.2,0.4,0,0.2,0,4,39.206,0.4,7.8412,1,2,6,0,2,2,1
2.72,4.28,0.6,2.568,1264.63,0.6,758.778,1268.91,5.5,0.4,2.2,58.86,0.6,6,0.2,1.2,2,0.6,1.2,5.2,801.262,2.4,961.5144,1,4,6,0,2,6,1
2.72,4.36,0.6,2.616,33.91,0.6,20.346,38.27,5.5,0.4,2.2,6.06,0.4,6,0.4,2.4,0,0.2,0,4.8,29.986,2.4,35.9832,1,4,4,1,4,2,1
2.72,2.23,0.6,1.338,4.54,0.2,0.908,6.77,5,0.2,1,22.8,0.6,6,0.2,1.2,0,0.2,0,3.2,18.126,1.2,10.8756,1,2,6,0,2,2,1
2.72,2,0.6,1.2,0.32,0.2,0.064,2.32,5,0.2,1,5.37,0.4,2,0.2,0.4,0,0.2,0,2.6,4.812,0.4,0.9624,0,2,4,0,2,2,1
2.72,3.04,0.6,1.824,67.37,0.6,40.422,70.41,6.5,0.6,3.9,77.47,0.6,2,0.2,0.4,0,0.2,0,4.8,93.028,0.4,18.6056,1,6,6,0,2,2,1
2.72,1.19,0.4,0.476,122.07,0.6,73.242,123.26,5,0.2,1,15.2,0.6,2,0.2,0.4,0,0.2,0,3.8,84.238,0.4,16.8476,1,2,6,0,2,2,1
2.72,1.35,0.4,0.54,0,0.2,0,1.35,6,0.6,3.6,680.14,0.6,2,0.2,0.4,0,0.2,0,3.4,412.624,0.4,82.5248,1,6,6,0,2,2,1
2.72,1.14,0.4,0.456,0,0.2,0,1.14,5,0.2,1,0.71,0.2,2,0.2,0.4,0,0.2,0,2.2,1.998,0.4,0.3996,0,2,2,0,2,2,1
2.72,1.51,0.4,0.604,0,0.2,0,1.51,5,0.2,1,0,0.2,2,0.2,0.4,0,0.2,0,2.2,2.004,0.4,0.4008,0,2,2,0,2,2,1
2.72,1.13,0.4,0.452,0,0.2,0,1.13,5,0.2,1,0,0.2,2,0.2,0.4,0,0.2,0,2.2,1.852,0.4,0.3704,0,2,2,0,2,2,1
2.72,1.5,0.4,0.6,0,0.2,0,1.5,5,0.2,1,1.44,0.2,2,0.2,0.4,0,0.2,0,2.2,2.288,0.4,0.4576,0,2,2,0,2,2,1
2.72,0.96,0.2,0.192,0,0.2,0,0.96,5,0.2,1,0,0.2,2,0.2,0.4,0,0.2,0,2,1.592,0.4,0.3184,0,2,2,0,2,2,0
2.72,1.6,0.4,0.64,0,0.2,0,1.6,5,0.2,1,0,0.2,2,0.2,0.4,0,0.2,0,2.2,2.04,0.4,0.408,0,2,2,0,2,2,1
2.72,1.34,0.4,0.536,0,0.2,0,1.34,5,0.2,1,0,0.2,4,0.2,0.8,0,0.2,0,2.4,2.336,0.8,0.9344,0,2,2,0,2,2,1
2.72,1.6,0.4,0.64,0,0.2,0,1.6,5,0.2,1,0.06,0.2,2,0.2,0.4,0,0.2,0,2.2,2.052,0.4,0.4104,0,2,2,0,2,2,1
2.72,1.13,0.4,0.452,0,0.2,0,1.13,5,0.2,1,0.02,0.2,2,0.2,0.4,0,0.2,0,2.2,1.856,0.4,0.3712,0,2,2,0,2,2,1
2.72,0,0.2,0,0,0.2,0,0,5,0.2,1,0,0.2,2,0.2,0.4,0,0.2,0,2,1.4,0.4,0.28,0,2,2,0,2,2,0
2.72,0,0.2,0,0,0.2,0,0,5,0.2,1,0,0.2,2,0.2,0.4,0,0.2,0,2,1.4,0.4,0.28,0,2,2,0,2,2,0
2.72,0.77,0.2,0.154,0,0.2,0,0.77,5,0.2,1,4.6,0.2,2,0.2,0.4,0,0.2,0,2,2.474,0.4,0.4948,0,2,2,0,2,2,0
2.72,1.05,0.4,0.42,0,0.2,0,1.05,5,0.2,1,0,0.2,2,0.2,0.4,0,0.2,0,2.2,1.82,0.4,0.364,0,2,2,0,2,2,1
2.72,0,0.2,0,0,0.2,0,0,5,0.2,1,0,0.2,2,0.2,0.4,0,0.2,0,2,1.4,0.4,0.28,0,2,2,0,2,2,0
2.72,0,0.2,0,0,0.2,0,0,5,0.2,1,30.85,0.6,2,0.2,0.4,0,0.2,0,2.4,19.91,0.4,3.982,1,2,6,0,2,2,1
2.72,0,0.2,0,0,0.2,0,0,5,0.2,1,0,0.2,4,0.2,0.8,0,0.2,0,2.2,1.8,0.8,0.72,0,2,2,0,2,2,1
2.72,0,0.2,0,0,0.2,0,0,5,0.2,1,0,0.2,2,0.2,0.4,0,0.2,0,2,1.4,0.4,0.28,0,2,2,0,2,2,0
2.72,0,0.2,0,0,0.2,0,0,5,0.2,1,0,0.2,2,0.2,0.4,0,0.2,0,2,1.4,0.4,0.28,0,2,2,0,2,2,0
2.72,0.84,0.2,0.168,0,0.2,0,0.84,5,0.2,1,8.21,0.4,2,0.2,0.4,0,0.2,0,2.2,4.852,0.4,0.9704,0,2,4,0,2,2,1
2.72,0,0.2,0,0,0.2,0,0,5,0.2,1,0,0.2,2,0.2,0.4,0,0.2,0,2,1.4,0.4,0.28,0,2,2,0,2,2,0
2.72,0.85,0.2,0.17,0,0.2,0,0.85,5,0.2,1,0,0.2,2,0.2,0.4,0,0.2,0,2,1.57,0.4,0.314,0,2,2,0,2,2,0
2.72,0,0.2,0,0.28,0.2,0.056,0.28,5,0.2,1,0,0.2,2,0.2,0.4,0,0.2,0,2,1.456,0.4,0.2912,0,2,2,0,2,2,0
2.72,0.61,0.2,0.122,0.07,0.2,0.014,0.68,5,0.2,1,0,0.2,2,0.2,0.4,0,0.2,0,2,1.536,0.4,0.3072,0,2,2,0,2,2,0
2.72,0,0.2,0,0.62,0.2,0.124,0.62,5,0.2,1,0,0.2,2,0.2,0.4,0,0.2,0,2,1.524,0.4,0.3048,0,2,2,0,2,2,0
2.37,3.43,0.6,2.058,1,0.4,0.4,4.43,5.5,0.4,2.2,49.31,0.6,2,0.4,0.8,1,0.4,0.4,4.2,35.444,1.2,21.2664,1,4,6,1,4,4,1
2.37,1.63,0.4,0.652,5.86,0.6,3.516,7.49,5,0.2,1,3.69,0.2,2,0.2,0.4,0,0.2,0,3.4,6.306,0.4,1.2612,1,2,2,0,2,2,1
2.37,3.75,0.6,2.25,1.25,0.4,0.5,5,6,0.6,3.6,11.25,0.6,6,0.2,1.2,0,0.2,0,4.6,14.3,1.2,8.58,1,6,6,0,2,2,1
2.37,2.29,0.6,1.374,2.64,0.6,1.584,4.93,5,0.2,1,3.08,0.2,2,0.2,0.4,0,0.2,0,3.6,4.974,0.4,0.9948,0,2,2,0,2,2,1
2.37,2.51,0.6,1.506,8.59,0.6,5.154,11.1,5.5,0.4,2.2,16.03,0.6,2,0.2,0.4,5,0.6,3,4.8,21.878,3.4,37.1926,1,4,6,0,2,6,1
2.37,2.21,0.6,1.326,5.21,0.6,3.126,7.42,5,0.2,1,3.43,0.2,2,0.2,0.4,0,0.2,0,3.6,6.538,0.4,1.3076,1,2,2,0,2,2,1
2.37,2.22,0.6,1.332,6.23,0.6,3.738,8.45,5,0.2,1,0.89,0.2,2,0.2,0.4,0,0.2,0,3.6,6.648,0.4,1.3296,1,2,2,0,2,2,1
2.37,1.67,0.4,0.668,0.39,0.2,0.078,2.06,5,0.2,1,1.43,0.2,2,0.2,0.4,0,0.2,0,2.2,2.432,0.4,0.4864,0,2,2,0,2,2,1
2.37,2.59,0.6,1.554,0.66,0.2,0.132,3.25,5,0.2,1,1.28,0.2,2,0.2,0.4,0,0.2,0,2.4,3.342,0.4,0.6684,0,2,2,0,2,2,1
2.37,2.39,0.6,1.434,7.72,0.6,4.632,10.11,5,0.2,1,5.42,0.4,2,0.2,0.4,1,0.4,0.4,4,10.034,0.8,4.0136,1,2,4,0,2,4,1
2.37,3.42,0.6,2.052,10.55,0.6,6.33,13.97,5,0.2,1,6.96,0.4,2,0.2,0.4,0,0.2,0,3.8,12.566,0.4,2.5132,1,2,4,0,2,2,1
2.37,3.61,0.6,2.166,2.13,0.6,1.278,5.74,5,0.2,1,5.41,0.4,2,0.4,0.8,2,0.6,1.2,4.4,8.608,2,8.608,1,2,4,1,4,6,1
2.37,1.86,0.4,0.744,4.51,0.6,2.706,6.37,5,0.2,1,7.27,0.4,2,0.2,0.4,0,0.2,0,3.6,7.758,0.4,1.5516,1,2,4,0,2,2,1
2.37,1.9,0.4,0.76,7.97,0.6,4.782,9.87,5,0.2,1,8.6,0.4,2,0.2,0.4,1,0.4,0.4,3.8,10.782,0.8,4.3128,1,2,4,0,2,4,1
2.37,3.29,0.6,1.974,6.41,0.6,3.846,9.7,5,0.2,1,3.66,0.2,2,0.2,0.4,0,0.2,0,3.6,7.952,0.4,1.5904,1,2,2,0,2,2,1
2.37,2.6,0.6,1.56,1.14,0.4,0.456,3.74,5,0.2,1,8.76,0.4,2,0.2,0.4,1,0.4,0.4,3.4,7.32,0.8,2.928,1,2,4,0,2,4,1
2.37,3.81,0.6,2.286,11.52,0.6,6.912,15.33,5,0.2,1,3.25,0.2,4,0.2,0.8,0,0.2,0,3.8,11.648,0.8,4.6592,1,2,2,0,2,2,1
2.37,2.1,0.6,1.26,5.06,0.6,3.036,7.16,5,0.2,1,5.41,0.4,2,0.2,0.4,0,0.2,0,3.8,7.86,0.4,1.572,1,2,4,0,2,2,1
2.37,2.22,0.6,1.332,3.4,0.6,2.04,5.62,5,0.2,1,26.28,0.6,2,0.2,0.4,1,0.4,0.4,4.2,20.94,0.8,8.376,1,2,6,0,2,4,1
2.37,0.96,0.2,0.192,0.12,0.2,0.024,1.08,5,0.2,1,0.22,0.2,2,0.2,0.4,0,0.2,0,2,1.66,0.4,0.332,0,2,2,0,2,2,0
2.37,0.81,0.2,0.162,4.6,0.6,2.76,5.41,5,0.2,1,1.82,0.2,2,0.2,0.4,0,0.2,0,3.2,4.686,0.4,0.9372,0,2,2,0,2,2,1
2.37,1.25,0.4,0.5,0.02,0.2,0.004,1.27,5,0.2,1,0.82,0.2,2,0.2,0.4,0,0.2,0,2.2,2.068,0.4,0.4136,0,2,2,0,2,2,1
2.37,1.65,0.4,0.66,0.02,0.2,0.004,1.67,5,0.2,1,27.99,0.6,2,0.2,0.4,0,0.2,0,2.6,18.858,0.4,3.7716,1,2,6,0,2,2,1
2.37,1.65,0.4,0.66,0.02,0.2,0.004,1.67,5,0.2,1,2.47,0.2,2,0.2,0.4,0,0.2,0,2.2,2.558,0.4,0.5116,0,2,2,0,2,2,1
2.37,2.13,0.6,1.278,0.11,0.2,0.022,2.24,5,0.2,1,7.54,0.4,2,0.2,0.4,0,0.2,0,2.6,5.716,0.4,1.1432,1,2,4,0,2,2,1
2.37,0.44,0.2,0.088,0.02,0.2,0.004,0.46,5,0.2,1,27.1,0.6,6,0.2,1.2,0,0.2,0,2.8,18.552,1.2,11.1312,1,2,6,0,2,2,1
2.37,1.31,0.4,0.524,0.12,0.2,0.024,1.43,5.5,0.4,2.2,0,0.2,6,0.2,1.2,0,0.2,0,3,3.948,1.2,2.3688,1,4,2,0,2,2,1
2.37,0.39,0.2,0.078,0.14,0.2,0.028,0.53,5,0.2,1,0.58,0.2,2,0.2,0.4,0,0.2,0,2,1.622,0.4,0.3244,0,2,2,0,2,2,0
2.37,1,0.4,0.4,1.1,0.4,0.44,2.1,5,0.2,1,0,0.2,2,0.2,0.4,0,0.2,0,2.8,2.24,0.4,0.448,0,2,2,0,2,2,1
2.37,0.42,0.2,0.084,0.27,0.2,0.054,0.69,5,0.2,1,0,0.2,2,0.2,0.4,0,0.2,0,2,1.538,0.4,0.3076,0,2,2,0,2,2,0
2.37,1.07,0.4,0.428,0.59,0.2,0.118,1.66,5,0.2,1,0,0.2,2,0.2,0.4,0,0.2,0,2.2,1.946,0.4,0.3892,0,2,2,0,2,2,1
2.37,1.29,0.4,0.516,0.25,0.2,0.05,1.54,5,0.2,1,0,0.2,2,0.2,0.4,0,0.2,0,2.2,1.966,0.4,0.3932,0,2,2,0,2,2,1
2.37,0.02,0.2,0.004,0.87,0.2,0.174,0.89,5,0.2,1,0.04,0.2,2,0.2,0.4,0,0.2,0,2,1.586,0.4,0.3172,0,2,2,0,2,2,0
2.37,1.46,0.4,0.584,0.55,0.2,0.11,2.01,5,0.2,1,0.67,0.2,2,0.2,0.4,0,0.2,0,2.2,2.228,0.4,0.4456,0,2,2,0,2,2,1
2.37,0.84,0.2,0.168,0.06,0.2,0.012,0.9,5,0.2,1,0.72,0.2,2,0.2,0.4,0,0.2,0,2,1.724,0.4,0.3448,0,2,2,0,2,2,0
2.37,0.66,0.2,0.132,1.37,0.4,0.548,2.03,5,0.2,1,0.84,0.2,4,0.2,0.8,0,0.2,0,2.8,2.648,0.8,1.0592,1,2,2,0,2,2,1
2.37,0.53,0.2,0.106,5.4,0.6,3.24,5.93,5,0.2,1,0.72,0.2,2,0.2,0.4,0,0.2,0,3.2,4.89,0.4,0.978,0,2,2,0,2,2,1
2.37,0.39,0.2,0.078,0.47,0.2,0.094,0.86,5,0.2,1,0,0.2,2,0.2,0.4,0,0.2,0,2,1.572,0.4,0.3144,0,2,2,0,2,2,0
2.37,0.51,0.2,0.102,0.47,0.2,0.094,0.98,5,0.2,1,0,0.2,2,0.2,0.4,0,0.2,0,2,1.596,0.4,0.3192,0,2,2,0,2,2,0
2.37,0.47,0.2,0.094,0.29,0.2,0.058,0.76,5,0.2,1,0.07,0.2,2,0.2,0.4,0,0.2,0,2,1.566,0.4,0.3132,0,2,2,0,2,2,0
2.37,3.35,0.6,2.01,0.99,0.2,0.198,4.34,5,0.2,1,0.12,0.2,2,0.2,0.4,0,0.2,0,2.4,3.632,0.4,0.7264,0,2,2,0,2,2,1
2.37,0.32,0.2,0.064,0.49,0.2,0.098,0.81,5,0.2,1,6.73,0.4,6,0.2,1.2,0,0.2,0,2.6,5.054,1.2,3.0324,1,2,4,0,2,2,1
2.37,0.51,0.2,0.102,0,0.2,0,0.51,5,0.2,1,0,0.2,6,0.2,1.2,0,0.2,0,2.4,2.302,1.2,1.3812,1,2,2,0,2,2,1
2.37,0,0.2,0,0,0.2,0,0,5,0.2,1,0.05,0.2,2,0.2,0.4,0,0.2,0,2,1.41,0.4,0.282,0,2,2,0,2,2,0
2.37,0.31,0.2,0.062,0.69,0.2,0.138,1,5,0.2,1,0,0.2,2,0.2,0.4,0,0.2,0,2,1.6,0.4,0.32,0,2,2,0,2,2,0
2.37,0.61,0.2,0.122,1.54,0.4,0.616,2.15,5,0.2,1,0.57,0.2,2,0.2,0.4,0,0.2,0,2.6,2.252,0.4,0.4504,0,2,2,0,2,2,1
2.37,0.26,0.2,0.052,0.17,0.2,0.034,0.43,5,0.2,1,0,0.2,2,0.2,0.4,0,0.2,0,2,1.486,0.4,0.2972,0,2,2,0,2,2,0
2.37,0.73,0.2,0.146,0.05,0.2,0.01,0.78,5,0.2,1,6.14,0.4,6,0.2,1.2,0,0.2,0,2.6,4.812,1.2,2.8872,1,2,4,0,2,2,1
2.37,0,0.2,0,0,0.2,0,0,5,0.2,1,0,0.2,6,0.2,1.2,0,0.2,0,2.4,2.2,1.2,1.32,1,2,2,0,2,2,1
2.37,1.27,0.4,0.508,1.01,0.4,0.404,2.28,5,0.2,1,1.15,0.2,2,0.2,0.4,0,0.2,0,2.8,2.542,0.4,0.5084,0,2,2,0,2,2,1
2.37,1.62,0.4,0.648,0.49,0.2,0.098,2.11,5,0.2,1,0,0.2,2,0.2,0.4,0,0.2,0,2.2,2.146,0.4,0.4292,0,2,2,0,2,2,1
2.37,1.54,0.4,0.616,0.46,0.2,0.092,2,5,0.2,1,0.57,0.2,2,0.2,0.4,0,0.2,0,2.2,2.222,0.4,0.4444,0,2,2,0,2,2,1
2.37,2.18,0.6,1.308,0.93,0.2,0.186,3.11,5,0.2,1,0,0.2,6,0.2,1.2,0,0.2,0,2.8,3.694,1.2,2.2164,1,2,2,0,2,2,1
2.37,7.59,0.6,4.554,1.47,0.4,0.588,9.06,5.5,0.4,2.2,36.29,0.6,6,0.2,1.2,0,0.2,0,4.2,30.316,1.2,18.1896,1,4,6,0,2,2,1
2.37,0.76,0.2,0.152,0.34,0.2,0.068,1.1,5,0.2,1,0,0.2,6,0.2,1.2,0,0.2,0,2.4,2.42,1.2,1.452,1,2,2,0,2,2,1
2.37,0.38,0.2,0.076,0.85,0.2,0.17,1.23,5,0.2,1,0.04,0.2,2,0.2,0.4,0,0.2,0,2,1.654,0.4,0.3308,0,2,2,0,2,2,0
2.37,1.29,0.4,0.516,0.13,0.2,0.026,1.42,5,0.2,1,0,0.2,2,0.2,0.4,0,0.2,0,2.2,1.942,0.4,0.3884,0,2,2,0,2,2,1
2.37,1.99,0.4,0.796,0.63,0.2,0.126,2.62,5,0.2,1,0,0.2,2,0.2,0.4,0,0.2,0,2.2,2.322,0.4,0.4644,0,2,2,0,2,2,1
2.37,0,0.2,0,0,0.2,0,0,5,0.2,1,0,0.2,2,0.2,0.4,0,0.2,0,2,1.4,0.4,0.28,0,2,2,0,2,2,0
2.37,0.02,0.2,0.004,0.05,0.2,0.01,0.07,5,0.2,1,0,0.2,2,0.2,0.4,0,0.2,0,2,1.414,0.4,0.2828,0,2,2,0,2,2,0
2.37,0.14,0.2,0.028,0.08,0.2,0.016,0.22,5,0.2,1,0,0.2,2,0.2,0.4,0,0.2,0,2,1.444,0.4,0.2888,0,2,2,0,2,2,0
2.37,0.09,0.2,0.018,0,0.2,0,0.09,5,0.2,1,0,0.2,2,0.2,0.4,0,0.2,0,2,1.418,0.4,0.2836,0,2,2,0,2,2,0
2.37,0,0.2,0,0,0.2,0,0,5,0.2,1,0,0.2,2,0.2,0.4,0,0.2,0,2,1.4,0.4,0.28,0,2,2,0,2,2,0
2.37,0,0.2,0,0,0.2,0,0,5,0.2,1,0,0.2,2,0.2,0.4,0,0.2,0,2,1.4,0.4,0.28,0,2,2,0,2,2,0
2.37,0.01,0.2,0.002,0.007,0.2,0.0014,0.017,5,0.2,1,0,0.2,2,0.2,0.4,0,0.2,0,2,1.4034,0.4,0.28068,0,2,2,0,2,2,0
2.37,0.17,0.2,0.034,0.04,0.2,0.008,0.21,5,0.2,1,0,0.2,2,0.2,0.4,0,0.2,0,2,1.442,0.4,0.2884,0,2,2,0,2,2,0
2.37,1.66,0.4,0.664,0.83,0.2,0.166,2.49,5,0.2,1,0.31,0.2,6,0.2,1.2,0,0.2,0,2.6,3.092,1.2,1.8552,1,2,2,0,2,2,1
2.37,0.5,0.2,0.1,0.04,0.2,0.008,0.54,5,0.2,1,0,0.2,6,0.2,1.2,0,0.2,0,2.4,2.308,1.2,1.3848,1,2,2,0,2,2,1
2.37,0.9,0.2,0.18,0.29,0.2,0.058,1.19,5,0.2,1,1.22,0.2,6,0.2,1.2,0,0.2,0,2.4,2.682,1.2,1.6092,1,2,2,0,2,2,1
2.37,0,0.2,0,0,0.2,0,0,5,0.2,1,0.23,0.2,6,0.2,1.2,0,0.2,0,2.4,2.246,1.2,1.3476,1,2,2,0,2,2,1
1.99,57.03,0.6,34.218,134.33,0.6,80.598,191.36,5,0.2,1,844.37,0.6,2,0.2,0.4,0,0.2,0,4,622.838,0.4,124.5676,1,2,6,0,2,2,1
1.99,0.58,0.2,0.116,0,0.2,0,0.58,5,0.2,1,0,0.2,2,0.2,0.4,0,0.2,0,2,1.516,0.4,0.3032,0,2,2,0,2,2,0
1.99,1.52,0.4,0.608,0,0.2,0,1.52,5,0.2,1,6.96,0.4,2,0.2,0.4,0,0.2,0,2.4,4.792,0.4,0.9584,0,2,4,0,2,2,1
1.99,0.9,0.2,0.18,0,0.2,0,0.9,5,0.2,1,1.95,0.2,2,0.2,0.4,0,0.2,0,2,1.97,0.4,0.394,0,2,2,0,2,2,0
1.99,1.19,0.4,0.476,0,0.2,0,1.19,5,0.2,1,0,0.2,2,0.2,0.4,0,0.2,0,2.2,1.876,0.4,0.3752,0,2,2,0,2,2,1
1.99,0.53,0.2,0.106,0,0.2,0,0.53,5,0.2,1,2.33,0.2,2,0.2,0.4,0,0.2,0,2,1.972,0.4,0.3944,0,2,2,0,2,2,0
1.99,0.93,0.2,0.186,0,0.2,0,0.93,5,0.2,1,0.11,0.2,2,0.2,0.4,0,0.2,0,2,1.608,0.4,0.3216,0,2,2,0,2,2,0
1.99,1.89,0.4,0.756,0,0.2,0,1.89,5,0.2,1,0,0.2,2,0.2,0.4,0,0.2,0,2.2,2.156,0.4,0.4312,0,2,2,0,2,2,1
1.99,1.71,0.4,0.684,0,0.2,0,1.71,5,0.2,1,0.09,0.2,2,0.2,0.4,0,0.2,0,2.2,2.102,0.4,0.4204,0,2,2,0,2,2,1
1.99,0.3,0.2,0.06,0,0.2,0,0.3,5,0.2,1,0,0.2,2,0.2,0.4,0,0.2,0,2,1.46,0.4,0.292,0,2,2,0,2,2,0
1.99,0.76,0.2,0.152,0,0.2,0,0.76,5,0.2,1,7.48,0.4,2,0.2,0.4,0,0.2,0,2.2,4.544,0.4,0.9088,0,2,4,0,2,2,1
1.99,0.96,0.2,0.192,0,0.2,0,0.96,5,0.2,1,9.45,0.4,2,0.2,0.4,0,0.2,0,2.2,5.372,0.4,1.0744,1,2,4,0,2,2,1
1.99,1.26,0.4,0.504,0,0.2,0,1.26,5,0.2,1,0,0.2,2,0.2,0.4,0,0.2,0,2.2,1.904,0.4,0.3808,0,2,2,0,2,2,1
1.99,0.55,0.2,0.11,0,0.2,0,0.55,5,0.2,1,0.67,0.2,2,0.2,0.4,0,0.2,0,2,1.644,0.4,0.3288,0,2,2,0,2,2,0
1.99,0.29,0.2,0.058,0,0.2,0,0.29,5,0.2,1,0.06,0.2,2,0.2,0.4,0,0.2,0,2,1.47,0.4,0.294,0,2,2,0,2,2,0
1.99,1.27,0.4,0.508,0,0.2,0,1.27,5,0.2,1,2.77,0.2,2,0.2,0.4,0,0.2,0,2.2,2.462,0.4,0.4924,0,2,2,0,2,2,1
1.99,1.34,0.4,0.536,0,0.2,0,1.34,5,0.2,1,0,0.2,2,0.2,0.4,0,0.2,0,2.2,1.936,0.4,0.3872,0,2,2,0,2,2,1
1.99,0.56,0.2,0.112,0,0.2,0,0.56,5,0.2,1,1.75,0.2,2,0.2,0.4,0,0.2,0,2,1.862,0.4,0.3724,0,2,2,0,2,2,0
1.99,0.86,0.2,0.172,0,0.2,0,0.86,5,0.2,1,0,0.2,6,0.2,1.2,0,0.2,0,2.4,2.372,1.2,1.4232,1,2,2,0,2,2,1
1.99,1.62,0.4,0.648,0,0.2,0,1.62,5,0.2,1,0,0.2,6,0.2,1.2,0,0.2,0,2.6,2.848,1.2,1.7088,1,2,2,0,2,2,1
1.99,3.02,0.6,1.812,0,0.2,0,3.02,5,0.2,1,0,0.2,6,0.2,1.2,0,0.2,0,2.8,4.012,1.2,2.4072,1,2,2,0,2,2,1
1.99,0.59,0.2,0.118,0,0.2,0,0.59,5,0.2,1,0,0.2,6,0.2,1.2,0,0.2,0,2.4,2.318,1.2,1.3908,1,2,2,0,2,2,1
1.99,1.1,0.4,0.44,0,0.2,0,1.1,5,0.2,1,0,0.2,2,0.2,0.4,0,0.2,0,2.2,1.84,0.4,0.368,0,2,2,0,2,2,1
1.99,1.03,0.4,0.412,0,0.2,0,1.03,5,0.2,1,27.28,0.6,2,0.2,0.4,0,0.2,0,2.6,18.18,0.4,3.636,1,2,6,0,2,2,1
1.99,0.66,0.2,0.132,0,0.2,0,0.66,5,0.2,1,0.73,0.2,2,0.2,0.4,0,0.2,0,2,1.678,0.4,0.3356,0,2,2,0,2,2,0
1.99,0.48,0.2,0.096,0,0.2,0,0.48,5,0.2,1,0.47,0.2,2,0.2,0.4,0,0.2,0,2,1.59,0.4,0.318,0,2,2,0,2,2,0
1.99,1.27,0.4,0.508,0,0.2,0,1.27,5,0.2,1,175.9,0.6,2,0.2,0.4,0,0.2,0,2.6,107.448,0.4,21.4896,1,2,6,0,2,2,1
1.99,0.43,0.2,0.086,0,0.2,0,0.43,5,0.2,1,13.54,0.6,2,0.2,0.4,0,0.2,0,2.4,9.61,0.4,1.922,1,2,6,0,2,2,1
1.99,1.65,0.4,0.66,0,0.2,0,1.65,5,0.2,1,0.01,0.2,2,0.2,0.4,0,0.2,0,2.2,2.062,0.4,0.4124,0,2,2,0,2,2,1
1.99,1.4,0.4,0.56,0,0.2,0,1.4,5,0.2,1,0,0.2,2,0.2,0.4,0,0.2,0,2.2,1.96,0.4,0.392,0,2,2,0,2,2,1
1.99,1.14,0.4,0.456,0,0.2,0,1.14,5,0.2,1,41.82,0.6,2,0.2,0.4,0,0.2,0,2.6,26.948,0.4,5.3896,1,2,6,0,2,2,1
1.99,0.45,0.2,0.09,0,0.2,0,0.45,5,0.2,1,0,0.2,2,0.2,0.4,0,0.2,0,2,1.49,0.4,0.298,0,2,2,0,2,2,0
1.99,0.6,0.2,0.12,0,0.2,0,0.6,5,0.2,1,0,0.2,2,0.2,0.4,0,0.2,0,2,1.52,0.4,0.304,0,2,2,0,2,2,0
1.99,0.85,0.2,0.17,0,0.2,0,0.85,5,0.2,1,0,0.2,2,0.2,0.4,0,0.2,0,2,1.57,0.4,0.314,0,2,2,0,2,2,0
1.99,1.19,0.4,0.476,0,0.2,0,1.19,5,0.2,1,29.76,0.6,2,0.2,0.4,0,0.2,0,2.6,19.732,0.4,3.9464,1,2,6,0,2,2,1
1.99,1.23,0.4,0.492,0,0.2,0,1.23,5,0.2,1,0.11,0.2,2,0.2,0.4,0,0.2,0,2.2,1.914,0.4,0.3828,0,2,2,0,2,2,1
1.99,1.12,0.4,0.448,0,0.2,0,1.12,5,0.2,1,0.05,0.2,2,0.2,0.4,0,0.2,0,2.2,1.858,0.4,0.3716,0,2,2,0,2,2,1
1.99,1.53,0.4,0.612,0,0.2,0,1.53,5,0.2,1,0.03,0.2,4,0.2,0.8,0,0.2,0,2.4,2.418,0.8,0.9672,0,2,2,0,2,2,1
1.99,0.77,0.2,0.154,0,0.2,0,0.77,5,0.2,1,0,0.2,4,0.2,0.8,0,0.2,0,2.2,1.954,0.8,0.7816,0,2,2,0,2,2,1
1.99,0.56,0.2,0.112,0,0.2,0,0.56,5,0.2,1,0,0.2,4,0.2,0.8,0,0.2,0,2.2,1.912,0.8,0.7648,0,2,2,0,2,2,1
1.99,1.82,0.4,0.728,0,0.2,0,1.82,5,0.2,1,85.13,0.6,4,0.2,0.8,0,0.2,0,2.8,53.606,0.8,21.4424,1,2,6,0,2,2,1
1.99,0.44,0.2,0.088,0,0.2,0,0.44,5,0.2,1,0.04,0.2,4,0.2,0.8,0,0.2,0,2.2,1.896,0.8,0.7584,0,2,2,0,2,2,1
1.99,1.46,0.4,0.584,0,0.2,0,1.46,5,0.2,1,0,0.2,2,0.2,0.4,0,0.2,0,2.2,1.984,0.4,0.3968,0,2,2,0,2,2,1
1.99,1.12,0.4,0.448,0,0.2,0,1.12,5,0.2,1,10.98,0.6,2,0.2,0.4,0,0.2,0,2.6,8.436,0.4,1.6872,1,2,6,0,2,2,1
1.99,1.56,0.4,0.624,0,0.2,0,1.56,5,0.2,1,0.1,0.2,2,0.2,0.4,0,0.2,0,2.2,2.044,0.4,0.4088,0,2,2,0,2,2,1
1.99,0,0.2,0,0,0.2,0,0,5,0.2,1,0,0.2,2,0.2,0.4,0,0.2,0,2,1.4,0.4,0.28,0,2,2,0,2,2,0
1.99,0,0.2,0,0,0.2,0,0,5,0.2,1,0,0.2,2,0.2,0.4,0,0.2,0,2,1.4,0.4,0.28,0,2,2,0,2,2,0
1.85,11.24,0.6,6.744,9.49,0.6,5.694,20.73,5.5,0.4,2.2,173.02,0.6,2,0.2,0.4,0,0.2,0,4.4,118.85,0.4,23.77,1,4,6,0,2,2,1
1.85,3.7,0.6,2.22,0,0.2,0,3.7,5,0.2,1,0.12,0.2,2,0.2,0.4,0,0.2,0,2.4,3.644,0.4,0.7288,0,2,2,0,2,2,1
1.85,8.53,0.6,5.118,0.16,0.2,0.032,8.69,5,0.2,1,0.52,0.2,2,0.4,0.8,0,0.2,0,2.6,7.054,0.8,2.8216,1,2,2,1,4,2,1
1.85,0.47,0.2,0.094,1.59,0.4,0.636,2.06,5,0.2,1,1.24,0.2,2,0.2,0.4,0,0.2,0,2.6,2.378,0.4,0.4756,0,2,2,0,2,2,1
1.85,0.95,0.2,0.19,1.33,0.4,0.532,2.28,5,0.2,1,0.07,0.2,4,0.2,0.8,0,0.2,0,2.8,2.536,0.8,1.0144,1,2,2,0,2,2,1
1.85,13.15,0.6,7.89,1.63,0.4,0.652,14.78,5,0.2,1,1.19,0.2,4,0.2,0.8,0,0.2,0,3.2,10.58,0.8,4.232,1,2,2,0,2,2,1
1.85,3.17,0.6,1.902,0.44,0.2,0.088,3.61,5,0.2,1,0,0.2,4,0.2,0.8,0,0.2,0,2.6,3.79,0.8,1.516,1,2,2,0,2,2,1
1.85,7.02,0.6,4.212,1.77,0.4,0.708,8.79,5,0.2,1,0,0.2,4,0.2,0.8,0,0.2,0,3.2,6.72,0.8,2.688,1,2,2,0,2,2,1
1.85,0,0.2,0,0,0.2,0,0,5,0.2,1,0,0.2,2,0.2,0.4,0,0.2,0,2,1.4,0.4,0.28,0,2,2,0,2,2,0
1.85,0.95,0.2,0.19,0,0.2,0,0.95,5,0.2,1,0.13,0.2,4,0.4,1.6,0,0.2,0,2.4,2.816,1.6,2.2528,1,2,2,1,4,2,1
1.85,0,0.2,0,0,0.2,0,0,5,0.2,1,10.53,0.6,4,0.2,0.8,0,0.2,0,2.6,8.118,0.8,3.2472,1,2,6,0,2,2,1
1.85,9.19,0.6,5.514,4.2,0.6,2.52,13.39,5,0.2,1,0.52,0.2,2,0.2,0.4,0,0.2,0,3.6,9.538,0.4,1.9076,1,2,2,0,2,2,1
1.85,9.14,0.6,5.484,1.22,0.4,0.488,10.36,5,0.2,1,0,0.2,6,0.2,1.2,0,0.2,0,3.4,8.172,1.2,4.9032,1,2,2,0,2,2,1
1.85,0.26,0.2,0.052,0,0.2,0,0.26,5,0.2,1,0,0.2,2,0.2,0.4,0,0.2,0,2,1.452,0.4,0.2904,0,2,2,0,2,2,0
1.85,3.05,0.6,1.83,0.05,0.2,0.01,3.1,5,0.2,1,0,0.2,2,0.2,0.4,0,0.2,0,2.4,3.24,0.4,0.648,0,2,2,0,2,2,1
1.85,0.56,0.2,0.112,72,0.6,43.2,72.56,5,0.2,1,0.51,0.2,2,0.2,0.4,0,0.2,0,3.2,44.814,0.4,8.9628,1,2,2,0,2,2,1
1.85,2.96,0.6,1.776,0.15,0.2,0.03,3.11,5,0.2,1,0,0.2,2,0.2,0.4,0,0.2,0,2.4,3.206,0.4,0.6412,0,2,2,0,2,2,1
1.85,2.48,0.6,1.488,0,0.2,0,2.48,5,0.2,1,0,0.2,2,0.2,0.4,0,0.2,0,2.4,2.888,0.4,0.5776,0,2,2,0,2,2,1
1.85,9.94,0.6,5.964,0.44,0.2,0.088,10.38,5,0.2,1,0.15,0.2,2,0.2,0.4,0,0.2,0,2.4,7.482,0.4,1.4964,1,2,2,0,2,2,1
1.85,5.13,0.6,3.078,0.09,0.2,0.018,5.22,5,0.2,1,0.01,0.2,2,0.2,0.4,0,0.2,0,2.4,4.498,0.4,0.8996,0,2,2,0,2,2,1
1.85,2.49,0.6,1.494,0.29,0.2,0.058,2.78,5,0.2,1,0.49,0.2,2,0.2,0.4,0,0.2,0,2.4,3.05,0.4,0.61,0,2,2,0,2,2,1
1.85,7.22,0.6,4.332,0.28,0.2,0.056,7.5,5,0.2,1,0,0.2,2,0.2,0.4,0,0.2,0,2.4,5.788,0.4,1.1576,1,2,2,0,2,2,1
1.85,0.71,0.2,0.142,0.66,0.2,0.132,1.37,5,0.2,1,0,0.2,2,0.2,0.4,0,0.2,0,2,1.674,0.4,0.3348,0,2,2,0,2,2,0
1.85,19.21,0.6,11.526,2.47,0.6,1.482,21.68,5,0.2,1,0,0.2,6,0.2,1.2,0,0.2,0,4,15.208,1.2,9.1248,1,2,2,0,2,2,1
1.85,0.18,0.2,0.036,0,0.2,0,0.18,5,0.2,1,0,0.2,6,0.4,2.4,0,0.2,0,2.6,3.436,2.4,4.1232,1,2,2,1,4,2,1
1.85,5.9,0.6,3.54,0,0.2,0,5.9,5,0.2,1,0.74,0.2,6,0.4,2.4,0,0.2,0,3,7.088,2.4,8.5056,1,2,2,1,4,2,1
1.85,4.04,0.6,2.424,0,0.2,0,4.04,5,0.2,1,0.79,0.2,6,0.2,1.2,0,0.2,0,2.8,4.782,1.2,2.8692,1,2,2,0,2,2,1
1.85,2.81,0.6,1.686,0.11,0.2,0.022,2.92,5,0.2,1,19.45,0.6,6,0.2,1.2,0,0.2,0,3.2,15.578,1.2,9.3468,1,2,6,0,2,2,1
1.85,5.87,0.6,3.522,0,0.2,0,5.87,5,0.2,1,0.44,0.2,6,0.2,1.2,0,0.2,0,2.8,5.81,1.2,3.486,1,2,2,0,2,2,1
1.85,1.75,0.4,0.7,0,0.2,0,1.75,5,0.2,1,0.35,0.2,6,0.2,1.2,0,0.2,0,2.6,2.97,1.2,1.782,1,2,2,0,2,2,1
1.85,2.05,0.6,1.23,0,0.2,0,2.05,5,0.2,1,3.53,0.2,6,0.2,1.2,0,0.2,0,2.8,4.136,1.2,2.4816,1,2,2,0,2,2,1
1.85,0,0.2,0,0,0.2,0,0,5,0.2,1,0.04,0.2,6,0.4,2.4,0,0.2,0,2.6,3.408,2.4,4.0896,1,2,2,1,4,2,1
1.85,3.67,0.6,2.202,0.18,0.2,0.036,3.85,5,0.2,1,0,0.2,2,0.2,0.4,0,0.2,0,2.4,3.638,0.4,0.7276,0,2,2,0,2,2,1
1.85,0.64,0.2,0.128,0.95,0.2,0.19,1.59,5,0.2,1,0,0.2,2,0.2,0.4,1,0.4,0.4,2.2,2.118,0.8,0.8472,0,2,2,0,2,4,1
1.85,7.37,0.6,4.422,1.64,0.4,0.656,9.01,5,0.2,1,0.08,0.2,2,0.2,0.4,0,0.2,0,3,6.494,0.4,1.2988,1,2,2,0,2,2,1
1.85,10.79,0.6,6.474,0.67,0.2,0.134,11.46,5,0.2,1,0.04,0.2,2,0.2,0.4,0,0.2,0,2.4,8.016,0.4,1.6032,1,2,2,0,2,2,1
1.85,10.02,0.6,6.012,0.95,0.2,0.19,10.97,5,0.2,1,0.43,0.2,2,0.2,0.4,0,0.2,0,2.4,7.688,0.4,1.5376,1,2,2,0,2,2,1
1.85,0.44,0.2,0.088,0.62,0.2,0.124,1.06,5,0.2,1,0.64,0.2,2,0.2,0.4,0,0.2,0,2,1.74,0.4,0.348,0,2,2,0,2,2,0
1.85,2.89,0.6,1.734,0.11,0.2,0.022,3,5,0.2,1,0.04,0.2,2,0.2,0.4,0,0.2,0,2.4,3.164,0.4,0.6328,0,2,2,0,2,2,1
1.85,0.6,0.2,0.12,1.14,0.4,0.456,1.74,5,0.2,1,0.43,0.2,2,0.2,0.4,0,0.2,0,2.6,2.062,0.4,0.4124,0,2,2,0,2,2,1
1.85,0.79,0.2,0.158,1.01,0.4,0.404,1.8,5,0.2,1,0.57,0.2,2,0.2,0.4,0,0.2,0,2.6,2.076,0.4,0.4152,0,2,2,0,2,2,1
1.85,3.26,0.6,1.956,0.36,0.2,0.072,3.62,5,0.2,1,0.02,0.2,2,0.2,0.4,0,0.2,0,2.4,3.432,0.4,0.6864,0,2,2,0,2,2,1
1.85,8.94,0.6,5.364,1.32,0.4,0.528,10.26,5,0.2,1,0.02,0.2,2,0.2,0.4,0,0.2,0,3,7.296,0.4,1.4592,1,2,2,0,2,2,1
1.85,4.6,0.6,2.76,1.17,0.4,0.468,5.77,5,0.2,1,0.04,0.2,2,0.2,0.4,0,0.2,0,3,4.636,0.4,0.9272,0,2,2,0,2,2,1
1.85,7.01,0.6,4.206,1.12,0.4,0.448,8.13,5,0.2,1,0.1,0.2,2,0.2,0.4,0,0.2,0,3,6.074,0.4,1.2148,1,2,2,0,2,2,1
1.85,1.04,0.4,0.416,0.91,0.2,0.182,1.95,5,0.2,1,0.37,0.2,2,0.2,0.4,0,0.2,0,2.2,2.072,0.4,0.4144,0,2,2,0,2,2,1
1.85,2.81,0.6,1.686,0.41,0.2,0.082,3.22,5,0.2,1,0,0.2,2,0.2,0.4,0,0.2,0,2.4,3.168,0.4,0.6336,0,2,2,0,2,2,1
1.85,0.7,0.2,0.14,0.6,0.2,0.12,1.3,5,0.2,1,0.51,0.2,2,0.2,0.4,0,0.2,0,2,1.762,0.4,0.3524,0,2,2,0,2,2,0
1.85,0.78,0.2,0.156,0.97,0.2,0.194,1.75,5,0.2,1,0.97,0.2,2,0.2,0.4,0,0.2,0,2,1.944,0.4,0.3888,0,2,2,0,2,2,0
1.85,7.09,0.6,4.254,1.95,0.4,0.78,9.04,5,0.2,1,0,0.2,2,0.2,0.4,0,0.2,0,3,6.434,0.4,1.2868,1,2,2,0,2,2,1
1.85,1.39,0.4,0.556,1.1,0.4,0.44,2.49,5,0.2,1,0,0.2,2,0.2,0.4,0,0.2,0,2.8,2.396,0.4,0.4792,0,2,2,0,2,2,1
1.85,2.46,0.6,1.476,0.37,0.2,0.074,2.83,5,0.2,1,0,0.2,2,0.2,0.4,0,0.2,0,2.4,2.95,0.4,0.59,0,2,2,0,2,2,1
1.85,2.48,0.6,1.488,0.1,0.2,0.02,2.58,5,0.2,1,0,0.2,2,0.2,0.4,0,0.2,0,2.4,2.908,0.4,0.5816,0,2,2,0,2,2,1
1.85,1.28,0.4,0.512,1.75,0.4,0.7,3.03,5,0.2,1,0,0.2,2,0.2,0.4,0,0.2,0,2.8,2.612,0.4,0.5224,0,2,2,0,2,2,1
1.85,3.83,0.6,2.298,0.28,0.2,0.056,4.11,5,0.2,1,0,0.2,2,0.2,0.4,0,0.2,0,2.4,3.754,0.4,0.7508,0,2,2,0,2,2,1
1.85,3.74,0.6,2.244,0.55,0.2,0.11,4.29,5,0.2,1,0,0.2,2,0.2,0.4,0,0.2,0,2.4,3.754,0.4,0.7508,0,2,2,0,2,2,1
1.85,11.44,0.6,6.864,1.41,0.4,0.564,12.85,5,0.2,1,0.04,0.2,2,0.2,0.4,0,0.2,0,3,8.836,0.4,1.7672,1,2,2,0,2,2,1
1.85,4.99,0.6,2.994,0.64,0.2,0.128,5.63,5,0.2,1,0,0.2,2,0.2,0.4,0,0.2,0,2.4,4.522,0.4,0.9044,0,2,2,0,2,2,1
1.85,8.25,0.6,4.95,1.59,0.4,0.636,9.84,5,0.2,1,0.02,0.2,2,0.2,0.4,0,0.2,0,3,6.99,0.4,1.398,1,2,2,0,2,2,1
1.85,0.25,0.2,0.05,1.8,0.4,0.72,2.05,5,0.2,1,0.74,0.2,2,0.2,0.4,0,0.2,0,2.6,2.318,0.4,0.4636,0,2,2,0,2,2,1
1.85,7.2,0.6,4.32,0.43,0.2,0.086,7.63,5,0.2,1,0.01,0.2,2,0.2,0.4,0,0.2,0,2.4,5.808,0.4,1.1616,1,2,2,0,2,2,1
1.85,0.73,0.2,0.146,1.24,0.4,0.496,1.97,5,0.2,1,0.2,0.2,2,0.2,0.4,0,0.2,0,2.6,2.082,0.4,0.4164,0,2,2,0,2,2,1
1.85,5.2,0.6,3.12,0,0.2,0,5.2,5,0.2,1,0,0.2,2,0.2,0.4,0,0.2,0,2.4,4.52,0.4,0.904,0,2,2,0,2,2,1
1.85,1.16,0.4,0.464,0,0.2,0,1.16,5,0.2,1,0.11,0.2,6,0.2,1.2,0,0.2,0,2.6,2.686,1.2,1.6116,1,2,2,0,2,2,1
1.85,0,0.2,0,0,0.2,0,0,5,0.2,1,0.19,0.2,6,0.2,1.2,0,0.2,0,2.4,2.238,1.2,1.3428,1,2,2,0,2,2,1
1.85,0.65,0.2,0.13,0.03,0.2,0.006,0.68,5,0.2,1,0.14,0.2,2,0.2,0.4,0,0.2,0,2,1.564,0.4,0.3128,0,2,2,0,2,2,0
1.85,0.79,0.2,0.158,0,0.2,0,0.79,5,0.2,1,3.54,0.2,2,0.2,0.4,0,0.2,0,2,2.266,0.4,0.4532,0,2,2,0,2,2,0
1.85,3.28,0.6,1.968,0.25,0.2,0.05,3.53,5,0.2,1,0.04,0.2,6,0.2,1.2,0,0.2,0,2.8,4.226,1.2,2.5356,1,2,2,0,2,2,1
1.85,0.9,0.2,0.18,0,0.2,0,0.9,5,0.2,1,0.13,0.2,6,0.2,1.2,0,0.2,0,2.4,2.406,1.2,1.4436,1,2,2,0,2,2,1
1.85,5,0.6,3,0.54,0.2,0.108,5.54,5,0.2,1,0,0.2,2,0.2,0.4,0,0.2,0,2.4,4.508,0.4,0.9016,0,2,2,0,2,2,1
1.85,7.07,0.6,4.242,0.72,0.2,0.144,7.79,5,0.2,1,0,0.2,2,0.2,0.4,0,0.2,0,2.4,5.786,0.4,1.1572,1,2,2,0,2,2,1
1.85,1.08,0.4,0.432,1.98,0.4,0.792,3.06,5,0.2,1,3.92,0.2,2,0.2,0.4,0,0.2,0,2.8,3.408,0.4,0.6816,0,2,2,0,2,2,1
1.85,3.46,0.6,2.076,0.09,0.2,0.018,3.55,5,0.2,1,0.06,0.2,2,0.2,0.4,0,0.2,0,2.4,3.506,0.4,0.7012,0,2,2,0,2,2,1
1.85,0.6,0.2,0.12,1.08,0.4,0.432,1.68,5,0.2,1,0.33,0.2,2,0.2,0.4,0,0.2,0,2.6,2.018,0.4,0.4036,0,2,2,0,2,2,1
1.85,3.92,0.6,2.352,1.08,0.4,0.432,5,5,0.2,1,0,0.2,2,0.2,0.4,0,0.2,0,3,4.184,0.4,0.8368,0,2,2,0,2,2,1
1.85,7.84,0.6,4.704,2.81,0.6,1.686,10.65,5,0.2,1,0,0.2,2,0.4,0.8,0,0.2,0,3.8,8.19,0.8,3.276,1,2,2,1,4,2,1
1.85,0.99,0.2,0.198,0,0.2,0,0.99,5,0.2,1,0,0.2,4,0.2,0.8,0,0.2,0,2.2,1.998,0.8,0.7992,0,2,2,0,2,2,1
1.85,0.17,0.2,0.034,0.11,0.2,0.022,0.28,5,0.2,1,0,0.2,2,0.2,0.4,0,0.2,0,2,1.456,0.4,0.2912,0,2,2,0,2,2,0
1.85,45.23,0.6,27.138,36.18,0.6,21.708,81.41,5,0.2,1,0,0.2,6,0.2,1.2,0,0.2,0,4,51.046,1.2,30.6276,1,2,2,0,2,2,1
1.85,1.69,0.4,0.676,0.21,0.2,0.042,1.9,5,0.2,1,0,0.2,2,0.2,0.4,0,0.2,0,2.2,2.118,0.4,0.4236,0,2,2,0,2,2,1
1.85,0.18,0.2,0.036,0.63,0.2,0.126,0.81,5,0.2,1,0,0.2,2,0.2,0.4,0,0.2,0,2,1.562,0.4,0.3124,0,2,2,0,2,2,0
1.85,0.01,0.2,0.002,0.91,0.2,0.182,0.92,5,0.2,1,0,0.2,2,0.2,0.4,0,0.2,0,2,1.584,0.4,0.3168,0,2,2,0,2,2,0
1.85,0.88,0.2,0.176,1.5,0.4,0.6,2.38,5,0.2,1,0.19,0.2,2,0.2,0.4,0,0.2,0,2.6,2.214,0.4,0.4428,0,2,2,0,2,2,1
1.85,1.17,0.4,0.468,0.15,0.2,0.03,1.32,5,0.2,1,0,0.2,2,0.2,0.4,0,0.2,0,2.2,1.898,0.4,0.3796,0,2,2,0,2,2,1
1.85,0,0.2,0,0,0.2,0,0,5,0.2,1,0,0.2,4,0.2,0.8,0,0.2,0,2.2,1.8,0.8,0.72,0,2,2,0,2,2,1
1.85,0,0.2,0,0,0.2,0,0,5,0.2,1,0,0.2,2,0.2,0.4,0,0.2,0,2,1.4,0.4,0.28,0,2,2,0,2,2,0
1.85,0,0.2,0,0,0.2,0,0,5,0.2,1,0.2,0.2,4,0.2,0.8,0,0.2,0,2.2,1.84,0.8,0.736,0,2,2,0,2,2,1
1.85,0,0.2,0,0,0.2,0,0,5,0.2,1,0,0.2,2,0.2,0.4,0,0.2,0,2,1.4,0.4,0.28,0,2,2,0,2,2,0
1.85,0,0.2,0,0,0.2,0,0,5,0.2,1,0,0.2,6,0.2,1.2,0,0.2,0,2.4,2.2,1.2,1.32,1,2,2,0,2,2,1
1.85,0.99,0.2,0.198,0.11,0.2,0.022,1.1,5,0.2,1,0,0.2,6,0.2,1.2,0,0.2,0,2.4,2.42,1.2,1.452,1,2,2,0,2,2,1
1.85,0.21,0.2,0.042,0,0.2,0,0.21,5,0.2,1,0,0.2,2,0.2,0.4,0,0.2,0,2,1.442,0.4,0.2884,0,2,2,0,2,2,0
1.85,2.2,0.6,1.32,0.28,0.2,0.056,2.48,5,0.2,1,0,0.2,2,0.2,0.4,0,0.2,0,2.4,2.776,0.4,0.5552,0,2,2,0,2,2,1
1.85,3.31,0.6,1.986,0.17,0.2,0.034,3.48,5,0.2,1,0,0.2,2,0.2,0.4,0,0.2,0,2.4,3.42,0.4,0.684,0,2,2,0,2,2,1
1.85,2.43,0.6,1.458,0.27,0.2,0.054,2.7,5,0.2,1,0,0.2,2,0.2,0.4,0,0.2,0,2.4,2.912,0.4,0.5824,0,2,2,0,2,2,1
1.85,13.91,0.6,8.346,0.5,0.2,0.1,14.41,5,0.2,1,0.19,0.2,2,0.2,0.4,0,0.2,0,2.4,9.884,0.4,1.9768,1,2,2,0,2,2,1
2.36,1.71,0.4,0.684,0,0.2,0,1.71,6.5,0.6,3.9,88.4,0.6,6,0.4,2.4,4,0.6,2.4,4.4,62.424,4.8,149.8176,1,6,6,0,4,6,1
2.37,1.13,0.4,0.452,3.85,0.6,2.31,4.98,6.5,0.6,3.9,20.89,0.6,6,0.2,1.2,0,0.2,0,5,20.396,1.2,12.2376,1,6,6,0,2,2,1
2.37,17.53,0.6,10.518,0,0.2,0,17.53,6.5,0.6,3.9,94.75,0.6,6,0.2,1.2,4,0.6,2.4,4.4,74.868,3.6,134.7624,1,6,6,0,2,6,1
2.37,0.56,0.2,0.112,0.7,0.2,0.14,1.26,5,0.2,1,0,0.2,6,0.2,1.2,0,0.2,0,2.4,2.452,1.2,1.4712,1,2,2,0,2,2,1
2.37,0.56,0.2,0.112,0.08,0.2,0.016,0.64,5,0.2,1,0.05,0.2,6,0.2,1.2,0,0.2,0,2.4,2.338,1.2,1.4028,1,2,2,0,2,2,1
2.34,3.95,0.6,2.37,0,0.2,0,0,5.5,0.4,2.2,83.96,0.6,6,0.2,1.2,1,0.4,0.4,3.8,56.546,1.6,45.2368,1,4,6,0,2,4,1
2.34,0,0.2,0,0,0.2,0,0,5,0.2,1,0,0.2,2,0.2,0.4,0,0.2,0,2,1.4,0.4,0.28,0,2,2,0,2,2,0
2.34,0,0.2,0,0,0.2,0,0,5,0.2,1,0,0.2,2,0.2,0.4,0,0.2,0,2,1.4,0.4,0.28,0,2,2,0,2,2,0
2.34,0,0.2,0,0,0.2,0,0,5,0.2,1,0,0.2,2,0.2,0.4,0,0.2,0,2,1.4,0.4,0.28,0,2,2,0,2,2,0
2.34,0,0.2,0,0,0.2,0,0,5,0.2,1,0,0.2,2,0.2,0.4,0,0.2,0,2,1.4,0.4,0.28,0,2,2,0,2,2,0
15.56,20.65,0.6,12.39,0,0.2,0,0,6,0.6,3.6,397.31,0.6,6,0.2,1.2,1,0.4,0.4,4.2,255.976,1.6,204.7808,1,6,6,0,2,4,1
15.56,3.73,0.6,2.238,2.82,0.6,1.692,6.55,6,0.6,3.6,160.41,0.6,6,0.2,1.2,0,0.2,0,5.2,104.976,1.2,62.9856,1,6,6,0,2,2,1
15.56,0,0.2,0,0,0.2,0,0,5,0.2,1,23.97,0.6,6,0.2,1.2,0,0.2,0,2.8,16.582,1.2,9.9492,1,2,6,0,2,2,1
17.68,2.52,0.6,1.512,20.28,0.6,12.168,22.8,5,0.2,1,70.56,0.6,6,0.2,1.2,0,0.2,0,4.4,58.216,1.2,34.9296,1,2,6,0,2,2,1
21.61,3.14,0.6,1.884,5.68,0.6,3.408,8.82,5.5,0.4,2.2,11.33,0.6,4,0.2,0.8,0,0.2,0,4.6,15.09,0.8,6.036,1,4,6,0,2,2,1
21.61,0.88,0.2,0.176,1.07,0.4,0.428,1.95,5,0.2,1,0.76,0.2,2,0.2,0.4,0,0.2,0,2.6,2.156,0.4,0.4312,0,2,2,0,2,2,1
21.61,0.8,0.2,0.16,0.82,0.2,0.164,1.62,5,0.2,1,1.32,0.2,2,0.2,0.4,0,0.2,0,2,1.988,0.4,0.3976,0,2,2,0,2,2,0
21.61,0.7,0.2,0.14,0.72,0.2,0.144,1.42,5,0.2,1,0,0.2,2,0.2,0.4,0,0.2,0,2,1.684,0.4,0.3368,0,2,2,0,2,2,0
21.61,0,0.2,0,0.39,0.2,0.078,0.39,5,0.2,1,0.24,0.2,2,0.2,0.4,0,0.2,0,2,1.526,0.4,0.3052,0,2,2,0,2,2,0
21.61,0.33,0.2,0.066,0,0.2,0,0.33,5,0.2,1,0,0.2,2,0.2,0.4,0,0.2,0,2,1.466,0.4,0.2932,0,2,2,0,2,2,0
21.61,0.28,0.2,0.056,0.16,0.2,0.032,0.44,5,0.2,1,0,0.2,2,0.2,0.4,0,0.2,0,2,1.488,0.4,0.2976,0,2,2,0,2,2,0
21.61,0.19,0.2,0.038,0.27,0.2,0.054,0.46,5,0.2,1,0.65,0.2,2,0.2,0.4,0,0.2,0,2,1.622,0.4,0.3244,0,2,2,0,2,2,0
21.61,0.53,0.2,0.106,0.62,0.2,0.124,1.15,5,0.2,1,0.01,0.2,2,0.2,0.4,0,0.2,0,2,1.632,0.4,0.3264,0,2,2,0,2,2,0
21.61,0.46,0.2,0.092,0.88,0.2,0.176,1.34,5,0.2,1,0.58,0.2,2,0.2,0.4,0,0.2,0,2,1.784,0.4,0.3568,0,2,2,0,2,2,0
21.61,0.31,0.2,0.062,0.28,0.2,0.056,0.59,5,0.2,1,0,0.2,2,0.2,0.4,0,0.2,0,2,1.518,0.4,0.3036,0,2,2,0,2,2,0
21.61,85,0.6,51,1.06,0.4,0.424,86.06,5,0.2,1,0,0.2,6,0.2,1.2,0,0.2,0,3.4,53.624,1.2,32.1744,1,2,2,0,2,2,1
21.61,0.75,0.2,0.15,0.9,0.2,0.18,1.65,5,0.2,1,1.4,0.2,2,0.2,0.4,0,0.2,0,2,2.01,0.4,0.402,0,2,2,0,2,2,0
21.61,0.85,0.2,0.17,0.93,0.2,0.186,1.78,5,0.2,1,0,0.2,2,0.2,0.4,0,0.2,0,2,1.756,0.4,0.3512,0,2,2,0,2,2,0
21.61,0.34,0.2,0.068,0.36,0.2,0.072,0.7,5,0.2,1,0.03,0.2,2,0.2,0.4,0,0.2,0,2,1.546,0.4,0.3092,0,2,2,0,2,2,0
21.61,0.66,0.2,0.132,0.81,0.2,0.162,1.47,5,0.2,1,0.03,0.2,2,0.2,0.4,0,0.2,0,2,1.7,0.4,0.34,0,2,2,0,2,2,0
21.61,0.59,0.2,0.118,0.69,0.2,0.138,1.28,5,0.2,1,0,0.2,2,0.2,0.4,0,0.2,0,2,1.656,0.4,0.3312,0,2,2,0,2,2,0
21.61,0.61,0.2,0.122,0.63,0.2,0.126,1.24,5,0.2,1,0,0.2,2,0.2,0.4,0,0.2,0,2,1.648,0.4,0.3296,0,2,2,0,2,2,0
21.61,0.72,0.2,0.144,0.8,0.2,0.16,1.52,5,0.2,1,0.02,0.2,2,0.2,0.4,0,0.2,0,2,1.708,0.4,0.3416,0,2,2,0,2,2,0
21.61,0.37,0.2,0.074,0.1,0.2,0.02,0.47,5,0.2,1,0,0.2,2,0.2,0.4,0,0.2,0,2,1.494,0.4,0.2988,0,2,2,0,2,2,0
21.61,0.62,0.2,0.124,0.71,0.2,0.142,1.33,5,0.2,1,0.08,0.2,2,0.2,0.4,0,0.2,0,2,1.682,0.4,0.3364,0,2,2,0,2,2,0
21.61,0.98,0.2,0.196,1.14,0.4,0.456,2.12,5,0.2,1,0,0.2,2,0.2,0.4,0,0.2,0,2.6,2.052,0.4,0.4104,0,2,2,0,2,2,1
21.61,0.32,0.2,0.064,0,0.2,0,0.32,5,0.2,1,0,0.2,2,0.2,0.4,0,0.2,0,2,1.464,0.4,0.2928,0,2,2,0,2,2,0
21.61,0.56,0.2,0.112,0.63,0.2,0.126,1.19,5,0.2,1,0.09,0.2,2,0.2,0.4,0,0.2,0,2,1.656,0.4,0.3312,0,2,2,0,2,2,0
21.61,0.54,0.2,0.108,0.56,0.2,0.112,1.1,5,0.2,1,0.8,0.2,2,0.2,0.4,0,0.2,0,2,1.78,0.4,0.356,0,2,2,0,2,2,0
21.61,0.63,0.2,0.126,0.69,0.2,0.138,1.32,5,0.2,1,0.32,0.2,2,0.2,0.4,0,0.2,0,2,1.728,0.4,0.3456,0,2,2,0,2,2,0
21.61,0.37,0.2,0.074,0.46,0.2,0.092,0.83,5,0.2,1,0,0.2,2,0.2,0.4,0,0.2,0,2,1.566,0.4,0.3132,0,2,2,0,2,2,0
21.61,0,0.2,0,0,0.2,0,0,5,0.2,1,0,0.2,2,0.2,0.4,0,0.2,0,2,1.4,0.4,0.28,0,2,2,0,2,2,0
21.61,0.29,0.2,0.058,0.33,0.2,0.066,0.62,5,0.2,1,0,0.2,2,0.2,0.4,0,0.2,0,2,1.524,0.4,0.3048,0,2,2,0,2,2,0
21.61,0.67,0.2,0.134,0.76,0.2,0.152,1.43,5,0.2,1,0,0.2,2,0.2,0.4,0,0.2,0,2,1.686,0.4,0.3372,0,2,2,0,2,2,0
21.61,0.43,0.2,0.086,0,0.2,0,0.43,5,0.2,1,0,0.2,2,0.2,0.4,0,0.2,0,2,1.486,0.4,0.2972,0,2,2,0,2,2,0
21.61,0.67,0.2,0.134,0.75,0.2,0.15,1.42,5,0.2,1,0.39,0.2,2,0.2,0.4,0,0.2,0,2,1.762,0.4,0.3524,0,2,2,0,2,2,0
21.61,0.84,0.2,0.168,1.09,0.4,0.436,1.93,5,0.2,1,0,0.2,2,0.2,0.4,0,0.2,0,2.6,2.004,0.4,0.4008,0,2,2,0,2,2,1
21.61,0.52,0.2,0.104,0.68,0.2,0.136,1.2,5,0.2,1,0,0.2,2,0.2,0.4,0,0.2,0,2,1.64,0.4,0.328,0,2,2,0,2,2,0
21.61,0.38,0.2,0.076,0.48,0.2,0.096,0.86,5,0.2,1,0.33,0.2,2,0.2,0.4,0,0.2,0,2,1.638,0.4,0.3276,0,2,2,0,2,2,0
21.61,0.19,0.2,0.038,0.23,0.2,0.046,0.42,5,0.2,1,0,0.2,2,0.2,0.4,0,0.2,0,2,1.484,0.4,0.2968,0,2,2,0,2,2,0
21.61,0.27,0.2,0.054,0.35,0.2,0.07,0.62,5,0.2,1,0,0.2,2,0.2,0.4,0,0.2,0,2,1.524,0.4,0.3048,0,2,2,0,2,2,0
21.61,0.34,0.2,0.068,0.27,0.2,0.054,0.61,5,0.2,1,0,0.2,2,0.2,0.4,0,0.2,0,2,1.522,0.4,0.3044,0,2,2,0,2,2,0
21.61,0.02,0.2,0.004,0.66,0.2,0.132,0.68,5,0.2,1,0,0.2,2,0.2,0.4,0,0.2,0,2,1.536,0.4,0.3072,0,2,2,0,2,2,0
21.61,0,0.2,0,0,0.2,0,0,5,0.2,1,0.03,0.2,2,0.2,0.4,0,0.2,0,2,1.406,0.4,0.2812,0,2,2,0,2,2,0
21.61,0,0.2,0,0,0.2,0,0,5,0.2,1,0,0.2,2,0.2,0.4,0,0.2,0,2,1.4,0.4,0.28,0,2,2,0,2,2,0
59.85,1.94,0.4,0.776,6.69,0.6,4.014,8.63,5.5,0.4,2.2,13.3,0.6,6,0.2,1.2,1,0.4,0.4,4.8,16.57,1.6,13.256,1,4,6,0,2,4,1
59.85,0,0.2,0,0,0.2,0,0,5,0.2,1,0.29,0.2,2,0.2,0.4,0,0.2,0,2,1.458,0.4,0.2916,0,2,2,0,2,2,0
59.85,0,0.2,0,0,0.2,0,0,5,0.2,1,3.3,0.2,2,0.2,0.4,0,0.2,0,2,2.06,0.4,0.412,0,2,2,0,2,2,0
59.85,0.27,0.2,0.054,0,0.2,0,0.27,5,0.2,1,16.09,0.6,2,0.2,0.4,0,0.2,0,2.4,11.108,0.4,2.2216,1,2,6,0,2,2,1
59.85,0,0.2,0,0,0.2,0,0,5,0.2,1,1.44,0.2,2,0.2,0.4,0,0.2,0,2,1.688,0.4,0.3376,0,2,2,0,2,2,0
59.85,0.03,0.2,0.006,0,0.2,0,0.03,5,0.2,1,1.66,0.2,2,0.2,0.4,0,0.2,0,2,1.738,0.4,0.3476,0,2,2,0,2,2,0
59.85,0,0.2,0,0,0.2,0,0,5,0.2,1,0.19,0.2,2,0.2,0.4,0,0.2,0,2,1.438,0.4,0.2876,0,2,2,0,2,2,0
59.85,0,0.2,0,0,0.2,0,0,5,0.2,1,0.7,0.2,2,0.2,0.4,0,0.2,0,2,1.54,0.4,0.308,0,2,2,0,2,2,0
59.85,0.05,0.2,0.01,0,0.2,0,0.05,5,0.2,1,0.63,0.2,2,0.2,0.4,0,0.2,0,2,1.536,0.4,0.3072,0,2,2,0,2,2,0
59.85,0,0.2,0,0,0.2,0,0,5,0.2,1,0.93,0.2,2,0.2,0.4,0,0.2,0,2,1.586,0.4,0.3172,0,2,2,0,2,2,0
59.85,0.03,0.2,0.006,0,0.2,0,0.03,5,0.2,1,1.22,0.2,2,0.2,0.4,0,0.2,0,2,1.65,0.4,0.33,0,2,2,0,2,2,0
59.85,0,0.2,0,0,0.2,0,0,5,0.2,1,1.2,0.2,2,0.4,0.8,0,0.2,0,2.2,2.04,0.8,0.816,0,2,2,1,4,2,1
59.85,0.01,0.2,0.002,0.11,0.2,0.022,0.12,5,0.2,1,1.03,0.2,2,0.2,0.4,0,0.2,0,2,1.63,0.4,0.326,0,2,2,0,2,2,0
59.85,0,0.2,0,0,0.2,0,0,5,0.2,1,2.86,0.2,2,0.2,0.4,0,0.2,0,2,1.972,0.4,0.3944,0,2,2,0,2,2,0
59.85,0.03,0.2,0.006,0,0.2,0,0.03,5,0.2,1,1.55,0.2,2,0.2,0.4,0,0.2,0,2,1.716,0.4,0.3432,0,2,2,0,2,2,0
59.85,0,0.2,0,0,0.2,0,0,5,0.2,1,2.39,0.2,2,0.2,0.4,0,0.2,0,2,1.878,0.4,0.3756,0,2,2,0,2,2,0
59.85,0.07,0.2,0.014,0,0.2,0,0.07,5,0.2,1,10.4,0.6,2,0.2,0.4,0,0.2,0,2.4,7.654,0.4,1.5308,1,2,6,0,2,2,1
59.85,0,0.2,0,0,0.2,0,0,5,0.2,1,1.3,0.2,4,0.2,0.8,0,0.2,0,2.2,2.06,0.8,0.824,0,2,2,0,2,2,1
59.85,0.31,0.2,0.062,0,0.2,0,0.31,5,0.2,1,0,0.2,2,0.2,0.4,0,0.2,0,2,1.462,0.4,0.2924,0,2,2,0,2,2,0
59.85,0.15,0.2,0.03,0,0.2,0,0.15,5,0.2,1,0.05,0.2,2,0.2,0.4,0,0.2,0,2,1.44,0.4,0.288,0,2,2,0,2,2,0
59.85,0,0.2,0,0,0.2,0,0,5,0.2,1,0,0.2,2,0.2,0.4,0,0.2,0,2,1.4,0.4,0.28,0,2,2,0,2,2,0
59.85,0.01,0.2,0.002,0,0.2,0,0.01,5,0.2,1,0.6,0.2,2,0.2,0.4,0,0.2,0,2,1.522,0.4,0.3044,0,2,2,0,2,2,0
59.85,0.15,0.2,0.03,0,0.2,0,0.15,5,0.2,1,0,0.2,2,0.2,0.4,0,0.2,0,2,1.43,0.4,0.286,0,2,2,0,2,2,0
59.85,0.2,0.2,0.04,0.28,0.2,0.056,0.48,5,0.2,1,0,0.2,2,0.2,0.4,0,0.2,0,2,1.496,0.4,0.2992,0,2,2,0,2,2,0
59.85,0.06,0.2,0.012,0,0.2,0,0.06,5,0.2,1,0,0.2,2,0.2,0.4,0,0.2,0,2,1.412,0.4,0.2824,0,2,2,0,2,2,0
59.85,0.3,0.2,0.06,0,0.2,0,0.3,5,0.2,1,0,0.2,2,0.2,0.4,0,0.2,0,2,1.46,0.4,0.292,0,2,2,0,2,2,0
59.85,0,0.2,0,0,0.2,0,0,5,0.2,1,0,0.2,2,0.2,0.4,0,0.2,0,2,1.4,0.4,0.28,0,2,2,0,2,2,0
59.85,0,0.2,0,0,0.2,0,0,5,0.2,1,0,0.2,2,0.2,0.4,0,0.2,0,2,1.4,0.4,0.28,0,2,2,0,2,2,0
59.85,0.29,0.2,0.058,0,0.2,0,0.29,5,0.2,1,0.04,0.2,2,0.2,0.4,0,0.2,0,2,1.466,0.4,0.2932,0,2,2,0,2,2,0
59.85,0.48,0.2,0.096,0,0.2,0,0.48,5,0.2,1,0,0.2,2,0.2,0.4,0,0.2,0,2,1.496,0.4,0.2992,0,2,2,0,2,2,0
59.85,0.39,0.2,0.078,0.39,0.2,0.078,0.78,5,0.2,1,0.17,0.2,4,0.2,0.8,0,0.2,0,2.2,1.99,0.8,0.796,0,2,2,0,2,2,1
59.85,0.21,0.2,0.042,0,0.2,0,0.21,5,0.2,1,0.33,0.2,4,0.2,0.8,0,0.2,0,2.2,1.908,0.8,0.7632,0,2,2,0,2,2,1
59.85,0,0.2,0,0,0.2,0,0,5,0.2,1,0,0.2,2,0.2,0.4,0,0.2,0,2,1.4,0.4,0.28,0,2,2,0,2,2,0
59.85,0.42,0.2,0.084,0,0.2,0,0.42,5,0.2,1,0,0.2,4,0.2,0.8,0,0.2,0,2.2,1.884,0.8,0.7536,0,2,2,0,2,2,1
59.85,0.04,0.2,0.008,0,0.2,0,0.04,5,0.2,1,0.22,0.2,2,0.2,0.4,0,0.2,0,2,1.452,0.4,0.2904,0,2,2,0,2,2,0
59.85,0,0.2,0,0.22,0.2,0.044,0.22,5,0.2,1,0,0.2,2,0.2,0.4,0,0.2,0,2,1.444,0.4,0.2888,0,2,2,0,2,2,0
59.85,0,0.2,0,0,0.2,0,0,5,0.2,1,0,0.2,2,0.2,0.4,0,0.2,0,2,1.4,0.4,0.28,0,2,2,0,2,2,0
55.57,0.29,0.2,0.058,0.39,0.2,0.078,0.68,5.5,0.4,2.2,0.05,0.2,2,0.2,0.4,0,0.2,0,2.4,2.746,0.4,0.5492,0,4,2,0,2,2,1
55.57,0,0.2,0,1.96,0.4,0.784,1.96,5,0.2,1,0.4,0.2,2,0.2,0.4,0,0.2,0,2.6,2.264,0.4,0.4528,0,2,2,0,2,2,1
55.57,2.24,0.6,1.344,7.26,0.6,4.356,9.5,5,0.2,1,0.24,0.2,2,0.2,0.4,0,0.2,0,3.6,7.148,0.4,1.4296,1,2,2,0,2,2,1
55.57,0.62,0.2,0.124,0.42,0.2,0.084,1.04,5,0.2,1,0,0.2,2,0.2,0.4,0,0.2,0,2,1.608,0.4,0.3216,0,2,2,0,2,2,0
55.57,1.7,0.4,0.68,5.91,0.6,3.546,7.61,5,0.2,1,3.68,0.2,4,0.2,0.8,0,0.2,0,3.6,6.762,0.8,2.7048,1,2,2,0,2,2,1
55.57,0.95,0.2,0.19,0.72,0.2,0.144,1.67,5,0.2,1,0,0.2,4,0.2,0.8,0,0.2,0,2.2,2.134,0.8,0.8536,0,2,2,0,2,2,1
55.57,0,0.2,0,0,0.2,0,0,5.5,0.4,2.2,85.05,0.6,6,0.2,1.2,0,0.2,0,3.2,54.43,1.2,32.658,1,4,6,0,2,2,1
55.57,2.59,0.6,1.554,111.9,0.6,67.14,114.49,5,0.2,1,8.47,0.4,6,0.2,1.2,0,0.2,0,4.2,74.282,1.2,44.5692,1,2,4,0,2,2,1
55.57,6.48,0.6,3.888,43.08,0.6,25.848,49.56,5,0.2,1,253.12,0.6,6,0.2,1.2,2,0.6,1.2,4.8,185.008,2.4,222.0096,1,2,6,0,2,6,1
55.57,1.2,0.4,0.48,0.54,0.2,0.108,1.74,5,0.2,1,0.45,0.2,2,0.2,0.4,0,0.2,0,2.2,2.078,0.4,0.4156,0,2,2,0,2,2,1
55.57,0.26,0.2,0.052,0.21,0.2,0.042,0.47,5,0.2,1,0.05,0.2,2,0.2,0.4,0,0.2,0,2,1.504,0.4,0.3008,0,2,2,0,2,2,0
55.57,0.7,0.2,0.14,0.19,0.2,0.038,0.89,5,0.2,1,0,0.2,2,0.2,0.4,0,0.2,0,2,1.578,0.4,0.3156,0,2,2,0,2,2,0
55.57,1.59,0.4,0.636,0.13,0.2,0.026,1.72,5,0.2,1,0.11,0.2,2,0.2,0.4,0,0.2,0,2.2,2.084,0.4,0.4168,0,2,2,0,2,2,1
55.57,0,0.2,0,0,0.2,0,0,5,0.2,1,0.02,0.2,2,0.2,0.4,0,0.2,0,2,1.404,0.4,0.2808,0,2,2,0,2,2,0
55.57,3.14,0.6,1.884,4.97,0.6,2.982,8.11,5,0.2,1,6.41,0.4,2,0.2,0.4,1,0.4,0.4,4,9.23,0.8,3.692,1,2,4,0,2,4,1
55.57,0.68,0.2,0.136,1.47,0.4,0.588,2.15,5,0.2,1,0,0.2,2,0.2,0.4,0,0.2,0,2.6,2.124,0.4,0.4248,0,2,2,0,2,2,1
55.57,0.67,0.2,0.134,1.71,0.4,0.684,2.38,5,0.2,1,0,0.2,2,0.2,0.4,0,0.2,0,2.6,2.218,0.4,0.4436,0,2,2,0,2,2,1
55.57,2.54,0.6,1.524,5.52,0.6,3.312,8.06,5,0.2,1,0.49,0.2,2,0.2,0.4,0,0.2,0,3.6,6.334,0.4,1.2668,1,2,2,0,2,2,1
55.57,1.84,0.4,0.736,4.25,0.6,2.55,6.09,5,0.2,1,0.82,0.2,2,0.2,0.4,0,0.2,0,3.4,4.85,0.4,0.97,0,2,2,0,2,2,1
55.57,0,0.2,0,0,0.2,0,0,5,0.2,1,0,0.2,2,0.2,0.4,0,0.2,0,2,1.4,0.4,0.28,0,2,2,0,2,2,0
55.57,3.1,0.6,1.86,4.66,0.6,2.796,7.76,5,0.2,1,0.59,0.2,2,0.2,0.4,0,0.2,0,3.6,6.174,0.4,1.2348,1,2,2,0,2,2,1
55.57,0.79,0.2,0.158,0.46,0.2,0.092,1.25,5,0.2,1,0.28,0.2,2,0.2,0.4,0,0.2,0,2,1.706,0.4,0.3412,0,2,2,0,2,2,0
55.57,0.38,0.2,0.076,0.09,0.2,0.018,0.47,5,0.2,1,0,0.2,2,0.2,0.4,0,0.2,0,2,1.494,0.4,0.2988,0,2,2,0,2,2,0
55.57,2.41,0.6,1.446,4.69,0.6,2.814,7.1,5,0.2,1,0.25,0.2,2,0.2,0.4,0,0.2,0,3.6,5.71,0.4,1.142,1,2,2,0,2,2,1
55.57,0,0.2,0,0,0.2,0,0,5,0.2,1,0,0.2,2,0.2,0.4,0,0.2,0,2,1.4,0.4,0.28,0,2,2,0,2,2,0
55.57,1.26,0.4,0.504,1.58,0.4,0.632,2.84,5,0.2,1,6.5,0.4,2,0.2,0.4,0,0.2,0,3,5.136,0.4,1.0272,1,2,4,0,2,2,1
55.57,0.6,0.2,0.12,0.46,0.2,0.092,1.06,5,0.2,1,0,0.2,2,0.2,0.4,0,0.2,0,2,1.612,0.4,0.3224,0,2,2,0,2,2,0
55.57,1.24,0.4,0.496,2.27,0.6,1.362,3.51,5,0.2,1,0,0.2,6,0.2,1.2,0,0.2,0,3.8,4.058,1.2,2.4348,1,2,2,0,2,2,1
55.57,0,0.2,0,0,0.2,0,0,5,0.2,1,0,0.2,6,0.2,1.2,0,0.2,0,2.4,2.2,1.2,1.32,1,2,2,0,2,2,1
55.57,0.0006,0.2,0.00012,1.11,0.4,0.444,1.1106,5,0.2,1,0,0.2,6,0.2,1.2,0,0.2,0,3,2.64412,1.2,1.586472,1,2,2,0,2,2,1
55.57,1.49,0.4,0.596,2.34,0.6,1.404,3.83,5,0.2,1,0.25,0.2,2,0.2,0.4,0,0.2,0,3.4,3.45,0.4,0.69,0,2,2,0,2,2,1
55.57,1.27,0.4,0.508,2,0.6,1.2,3.27,5,0.2,1,0.18,0.2,2,0.2,0.4,0,0.2,0,3.4,3.144,0.4,0.6288,0,2,2,0,2,2,1
55.57,2.42,0.6,1.452,3.53,0.6,2.118,5.95,5,0.2,1,6.31,0.4,2,0.2,0.4,0,0.2,0,3.8,7.494,0.4,1.4988,1,2,4,0,2,2,1
55.57,0.69,0.2,0.138,0.81,0.2,0.162,1.5,5,0.2,1,0,0.2,2,0.2,0.4,0,0.2,0,2,1.7,0.4,0.34,0,2,2,0,2,2,0
55.57,1.85,0.4,0.74,4.16,0.6,2.496,6.01,5,0.2,1,0.51,0.2,2,0.2,0.4,0,0.2,0,3.4,4.738,0.4,0.9476,0,2,2,0,2,2,1
55.57,1.85,0.4,0.74,4.16,0.6,2.496,6.01,5,0.2,1,1.65,0.2,2,0.2,0.4,0,0.2,0,3.4,4.966,0.4,0.9932,0,2,2,0,2,2,1
55.57,2.45,0.6,1.47,5.47,0.6,3.282,7.92,5,0.2,1,5.61,0.4,2,0.2,0.4,0,0.2,0,3.8,8.396,0.4,1.6792,1,2,4,0,2,2,1
55.57,0.54,0.2,0.108,0.67,0.2,0.134,1.21,5,0.2,1,0,0.2,2,0.2,0.4,0,0.2,0,2,1.642,0.4,0.3284,0,2,2,0,2,2,0
55.57,0,0.2,0,0,0.2,0,0,5,0.2,1,0,0.2,2,0.2,0.4,0,0.2,0,2,1.4,0.4,0.28,0,2,2,0,2,2,0
55.57,1.45,0.4,0.58,5.79,0.6,3.474,7.24,5,0.2,1,0.69,0.2,2,0.2,0.4,0,0.2,0,3.4,5.592,0.4,1.1184,1,2,2,0,2,2,1
55.57,0.84,0.2,0.168,0,0.2,0,0.84,5,0.2,1,0,0.2,2,0.2,0.4,0,0.2,0,2,1.568,0.4,0.3136,0,2,2,0,2,2,0
55.57,0,0.2,0,0,0.2,0,0,5,0.2,1,0,0.2,2,0.2,0.4,0,0.2,0,2,1.4,0.4,0.28,0,2,2,0,2,2,0
55.57,0.11,0.2,0.022,0,0.2,0,0.11,5,0.2,1,0,0.2,2,0.2,0.4,0,0.2,0,2,1.422,0.4,0.2844,0,2,2,0,2,2,0
55.57,0.49,0.2,0.098,0,0.2,0,0.49,5,0.2,1,0,0.2,2,0.2,0.4,0,0.2,0,2,1.498,0.4,0.2996,0,2,2,0,2,2,0
55.57,0.41,0.2,0.082,0,0.2,0,0.41,5,0.2,1,0,0.2,2,0.2,0.4,0,0.2,0,2,1.482,0.4,0.2964,0,2,2,0,2,2,0
55.57,0.56,0.2,0.112,0,0.2,0,0.56,5,0.2,1,0,0.2,2,0.2,0.4,0,0.2,0,2,1.512,0.4,0.3024,0,2,2,0,2,2,0
55.57,0.87,0.2,0.174,0,0.2,0,0.87,5,0.2,1,0.1,0.2,2,0.2,0.4,0,0.2,0,2,1.594,0.4,0.3188,0,2,2,0,2,2,0
55.57,0.5,0.2,0.1,0,0.2,0,0.5,5,0.2,1,0,0.2,2,0.2,0.4,0,0.2,0,2,1.5,0.4,0.3,0,2,2,0,2,2,0
55.57,0,0.2,0,0,0.2,0,0,5,0.2,1,0.02,0.2,2,0.2,0.4,0,0.2,0,2,1.404,0.4,0.2808,0,2,2,0,2,2,0
55.57,0.38,0.2,0.076,0.49,0.2,0.098,0.87,5,0.2,1,0,0.2,2,0.2,0.4,0,0.2,0,2,1.574,0.4,0.3148,0,2,2,0,2,2,0
55.57,0,0.2,0,0.03,0.2,0.006,0.03,5,0.2,1,0,0.2,2,0.2,0.4,0,0.2,0,2,1.406,0.4,0.2812,0,2,2,0,2,2,0
55.57,0.17,0.2,0.034,0,0.2,0,0.17,5,0.2,1,0,0.2,2,0.2,0.4,0,0.2,0,2,1.434,0.4,0.2868,0,2,2,0,2,2,0
55.57,0.84,0.2,0.168,0,0.2,0,0.84,5,0.2,1,0,0.2,4,0.2,0.8,0,0.2,0,2.2,1.968,0.8,0.7872,0,2,2,0,2,2,1
55.57,0.49,0.2,0.098,4.78,0.6,2.868,5.27,5,0.2,1,0,0.2,2,0.2,0.4,0,0.2,0,3.2,4.366,0.4,0.8732,0,2,2,0,2,2,1
55.57,0.67,0.2,0.134,0.41,0.2,0.082,1.08,5,0.2,1,0.99,0.2,4,0.2,0.8,0,0.2,0,2.2,2.214,0.8,0.8856,0,2,2,0,2,2,1
55.57,0.45,0.2,0.09,8.27,0.6,4.962,8.72,5,0.2,1,9.43,0.4,4,0.2,0.8,0,0.2,0,3.6,10.624,0.8,4.2496,1,2,4,0,2,2,1
55.57,0,0.2,0,0,0.2,0,0,5,0.2,1,0,0.2,4,0.2,0.8,0,0.2,0,2.2,1.8,0.8,0.72,0,2,2,0,2,2,1
55.57,0.68,0.2,0.136,0,0.2,0,0.68,5,0.2,1,0,0.2,4,0.2,0.8,0,0.2,0,2.2,1.936,0.8,0.7744,0,2,2,0,2,2,1
55.57,0.99,0.2,0.198,0,0.2,0,0.99,5,0.2,1,0,0.2,4,0.2,0.8,0,0.2,0,2.2,1.998,0.8,0.7992,0,2,2,0,2,2,1
55.57,0.29,0.2,0.058,0,0.2,0,0.29,5,0.2,1,0,0.2,4,0.2,0.8,0,0.2,0,2.2,1.858,0.8,0.7432,0,2,2,0,2,2,1
55.57,1.67,0.4,0.668,0,0.2,0,1.67,5,0.2,1,0.06,0.2,4,0.2,0.8,0,0.2,0,2.4,2.48,0.8,0.992,0,2,2,0,2,2,1
55.57,1.05,0.4,0.42,2.17,0.6,1.302,3.22,5,0.2,1,0,0.2,4,0.2,0.8,0,0.2,0,3.6,3.522,0.8,1.4088,1,2,2,0,2,2,1
55.57,0.74,0.2,0.148,0,0.2,0,0.74,5,0.2,1,0,0.2,6,0.2,1.2,0,0.2,0,2.4,2.348,1.2,1.4088,1,2,2,0,2,2,1
55.57,0,0.2,0,0,0.2,0,0,5,0.2,1,0,0.2,6,0.2,1.2,0,0.2,0,2.4,2.2,1.2,1.32,1,2,2,0,2,2,1
55.57,0.51,0.2,0.102,1.36,0.4,0.544,1.87,5,0.2,1,0,0.2,2,0.2,0.4,0,0.2,0,2.6,2.046,0.4,0.4092,0,2,2,0,2,2,1
55.57,0.74,0.2,0.148,0,0.2,0,0.74,5,0.2,1,0.15,0.2,2,0.2,0.4,0,0.2,0,2,1.578,0.4,0.3156,0,2,2,0,2,2,0
55.57,0.23,0.2,0.046,0,0.2,0,0.23,5,0.2,1,0,0.2,2,0.2,0.4,0,0.2,0,2,1.446,0.4,0.2892,0,2,2,0,2,2,0
55.57,0,0.2,0,1.3,0.4,0.52,1.3,5,0.2,1,0,0.2,2,0.2,0.4,0,0.2,0,2.6,1.92,0.4,0.384,0,2,2,0,2,2,1
55.57,0.49,0.2,0.098,0,0.2,0,0.49,5,0.2,1,0,0.2,2,0.2,0.4,0,0.2,0,2,1.498,0.4,0.2996,0,2,2,0,2,2,0
55.57,0.73,0.2,0.146,0,0.2,0,0.73,5,0.2,1,0,0.2,2,0.2,0.4,0,0.2,0,2,1.546,0.4,0.3092,0,2,2,0,2,2,0
55.57,0.28,0.2,0.056,0.25,0.2,0.05,0.53,5,0.2,1,0,0.2,2,0.2,0.4,0,0.2,0,2,1.506,0.4,0.3012,0,2,2,0,2,2,0
55.57,0.32,0.2,0.064,0,0.2,0,0.32,5,0.2,1,0,0.2,2,0.4,0.8,0,0.2,0,2.2,1.864,0.8,0.7456,0,2,2,1,4,2,1
55.57,0.21,0.2,0.042,0,0.2,0,0.21,5,0.2,1,0,0.2,2,0.2,0.4,0,0.2,0,2,1.442,0.4,0.2884,0,2,2,0,2,2,0
55.57,1.63,0.4,0.652,0,0.2,0,1.63,5,0.2,1,0,0.2,2,0.2,0.4,0,0.2,0,2.2,2.052,0.4,0.4104,0,2,2,0,2,2,1
55.57,0.8,0.2,0.16,0,0.2,0,0.8,5,0.2,1,0,0.2,2,0.2,0.4,0,0.2,0,2,1.56,0.4,0.312,0,2,2,0,2,2,0
55.57,0,0.2,0,0,0.2,0,0,5,0.2,1,0,0.2,2,0.2,0.4,0,0.2,0,2,1.4,0.4,0.28,0,2,2,0,2,2,0
55.57,0.83,0.2,0.166,0,0.2,0,0.83,5,0.2,1,0,0.2,2,0.2,0.4,0,0.2,0,2,1.566,0.4,0.3132,0,2,2,0,2,2,0
55.57,0.57,0.2,0.114,1.26,0.4,0.504,1.83,5,0.2,1,0.1,0.2,2,0.2,0.4,0,0.2,0,2.6,2.038,0.4,0.4076,0,2,2,0,2,2,1
55.57,0.71,0.2,0.142,0,0.2,0,0.71,5,0.2,1,0,0.2,2,0.2,0.4,0,0.2,0,2,1.542,0.4,0.3084,0,2,2,0,2,2,0
55.57,0.15,0.2,0.03,0,0.2,0,0.15,5,0.2,1,0,0.2,2,0.2,0.4,0,0.2,0,2,1.43,0.4,0.286,0,2,2,0,2,2,0
55.57,1.26,0.4,0.504,0,0.2,0,1.26,5,0.2,1,0,0.2,2,0.2,0.4,0,0.2,0,2.2,1.904,0.4,0.3808,0,2,2,0,2,2,1
55.57,0,0.2,0,0,0.2,0,0,5,0.2,1,0.01,0.2,2,0.2,0.4,0,0.2,0,2,1.402,0.4,0.2804,0,2,2,0,2,2,0
55.57,0,0.2,0,0,0.2,0,0,5,0.2,1,0,0.2,2,0.2,0.4,0,0.2,0,2,1.4,0.4,0.28,0,2,2,0,2,2,0
55.57,0,0.2,0,0,0.2,0,0,5,0.2,1,0,0.2,2,0.2,0.4,0,0.2,0,2,1.4,0.4,0.28,0,2,2,0,2,2,0
55.57,0.09,0.2,0.018,0,0.2,0,0.09,5,0.2,1,0,0.2,2,0.2,0.4,0,0.2,0,2,1.418,0.4,0.2836,0,2,2,0,2,2,0
55.57,0.51,0.2,0.102,0.03,0.2,0.006,0.54,5,0.2,1,0,0.2,2,0.2,0.4,0,0.2,0,2,1.508,0.4,0.3016,0,2,2,0,2,2,0
55.57,0.49,0.2,0.098,0,0.2,0,0.49,5,0.2,1,0.02,0.2,2,0.2,0.4,0,0.2,0,2,1.502,0.4,0.3004,0,2,2,0,2,2,0
55.57,1.1,0.4,0.44,0,0.2,0,1.1,5,0.2,1,0,0.2,2,0.2,0.4,0,0.2,0,2.2,1.84,0.4,0.368,0,2,2,0,2,2,1
55.57,1.14,0.4,0.456,0,0.2,0,1.14,5,0.2,1,0,0.2,4,0.2,0.8,0,0.2,0,2.4,2.256,0.8,0.9024,0,2,2,0,2,2,1
55.57,0,0.2,0,0,0.2,0,0,5,0.2,1,0,0.2,2,0.2,0.4,0,0.2,0,2,1.4,0.4,0.28,0,2,2,0,2,2,0
55.57,2.3,0.6,1.38,0,0.2,0,2.3,5,0.2,1,0,0.2,2,0.2,0.4,0,0.2,0,2.4,2.78,0.4,0.556,0,2,2,0,2,2,1
55.57,1.6,0.4,0.64,0.49,0.2,0.098,2.09,5,0.2,1,88.34,0.6,2,0.2,0.4,0,0.2,0,2.6,55.142,0.4,11.0284,1,2,6,0,2,2,1
55.57,1.49,0.4,0.596,0,0.2,0,1.49,5,0.2,1,0,0.2,2,0.2,0.4,0,0.2,0,2.2,1.996,0.4,0.3992,0,2,2,0,2,2,1
55.57,0.24,0.2,0.048,0,0.2,0,0.24,5,0.2,1,0,0.2,2,0.2,0.4,0,0.2,0,2,1.448,0.4,0.2896,0,2,2,0,2,2,0
55.57,0.42,0.2,0.084,0,0.2,0,0.42,5,0.2,1,0,0.2,2,0.2,0.4,0,0.2,0,2,1.484,0.4,0.2968,0,2,2,0,2,2,0
55.57,1.07,0.4,0.428,0.16,0.2,0.032,1.23,5,0.2,1,0,0.2,2,0.2,0.4,0,0.2,0,2.2,1.86,0.4,0.372,0,2,2,0,2,2,1
55.57,1.39,0.4,0.556,0,0.2,0,1.39,5,0.2,1,0,0.2,2,0.2,0.4,0,0.2,0,2.2,1.956,0.4,0.3912,0,2,2,0,2,2,1
55.57,0.07,0.2,0.014,0,0.2,0,0.07,5,0.2,1,0,0.2,2,0.2,0.4,0,0.2,0,2,1.414,0.4,0.2828,0,2,2,0,2,2,0
55.57,0.49,0.2,0.098,0.4,0.2,0.08,0.89,5,0.2,1,0,0.2,2,0.2,0.4,0,0.2,0,2,1.578,0.4,0.3156,0,2,2,0,2,2,0
55.57,0.88,0.2,0.176,0.54,0.2,0.108,1.42,5,0.2,1,0.11,0.2,2,0.2,0.4,0,0.2,0,2,1.706,0.4,0.3412,0,2,2,0,2,2,0
55.57,0,0.2,0,1.74,0.4,0.696,1.74,5,0.2,1,0,0.2,2,0.2,0.4,0,0.2,0,2.6,2.096,0.4,0.4192,0,2,2,0,2,2,1
55.57,1.28,0.4,0.512,0,0.2,0,1.28,5,0.2,1,0.22,0.2,2,0.2,0.4,0,0.2,0,2.2,1.956,0.4,0.3912,0,2,2,0,2,2,1
55.57,0,0.2,0,0,0.2,0,0,5,0.2,1,0,0.2,2,0.2,0.4,0,0.2,0,2,1.4,0.4,0.28,0,2,2,0,2,2,0
55.57,0,0.2,0,0,0.2,0,0,5,0.2,1,0,0.2,2,0.2,0.4,0,0.2,0,2,1.4,0.4,0.28,0,2,2,0,2,2,0
55.57,0.21,0.2,0.042,0,0.2,0,0.21,5,0.2,1,0,0.2,2,0.2,0.4,0,0.2,0,2,1.442,0.4,0.2884,0,2,2,0,2,2,0
55.57,0.92,0.2,0.184,0,0.2,0,0.92,5,0.2,1,0,0.2,2,0.2,0.4,0,0.2,0,2,1.584,0.4,0.3168,0,2,2,0,2,2,0
55.57,0.17,0.2,0.034,0,0.2,0,0.17,5,0.2,1,0,0.2,2,0.2,0.4,0,0.2,0,2,1.434,0.4,0.2868,0,2,2,0,2,2,0
55.57,0.26,0.2,0.052,0.0021,0.2,0.00042,0.2621,5,0.2,1,0,0.2,2,0.2,0.4,0,0.2,0,2,1.45242,0.4,0.290484,0,2,2,0,2,2,0
55.57,0.78,0.2,0.156,0,0.2,0,0.78,5,0.2,1,0,0.2,2,0.2,0.4,0,0.2,0,2,1.556,0.4,0.3112,0,2,2,0,2,2,0
55.57,0.98,0.2,0.196,0,0.2,0,0.98,5,0.2,1,0,0.2,2,0.2,0.4,0,0.2,0,2,1.596,0.4,0.3192,0,2,2,0,2,2,0
55.57,0.27,0.2,0.054,0.0017,0.2,0.00034,0.2717,5,0.2,1,0,0.2,2,0.2,0.4,0,0.2,0,2,1.45434,0.4,0.290868,0,2,2,0,2,2,0
55.57,0.41,0.2,0.082,0.11,0.2,0.022,0.52,5,0.2,1,0,0.2,2,0.2,0.4,0,0.2,0,2,1.504,0.4,0.3008,0,2,2,0,2,2,0
55.57,0.74,0.2,0.148,0,0.2,0,0.74,5,0.2,1,0.71,0.2,2,0.2,0.4,0,0.2,0,2,1.69,0.4,0.338,0,2,2,0,2,2,0
55.57,0.82,0.2,0.164,2.92,0.6,1.752,3.74,5,0.2,1,0,0.2,2,0.2,0.4,0,0.2,0,3.2,3.316,0.4,0.6632,0,2,2,0,2,2,1
55.57,0,0.2,0,11.68,0.6,7.008,11.68,5,0.2,1,0,0.2,2,0.2,0.4,0,0.2,0,3.2,8.408,0.4,1.6816,1,2,2,0,2,2,1
55.57,0.61,0.2,0.122,0,0.2,0,0.61,5,0.2,1,0,0.2,2,0.2,0.4,0,0.2,0,2,1.522,0.4,0.3044,0,2,2,0,2,2,0
55.57,0.62,0.2,0.124,0.47,0.2,0.094,1.09,5,0.2,1,0.58,0.2,2,0.2,0.4,0,0.2,0,2,1.734,0.4,0.3468,0,2,2,0,2,2,0
55.57,0,0.2,0,0,0.2,0,0,5,0.2,1,3.57,0.2,2,0.2,0.4,0,0.2,0,2,2.114,0.4,0.4228,0,2,2,0,2,2,0
55.57,0,0.2,0,0,0.2,0,0,5,0.2,1,0,0.2,2,0.2,0.4,0,0.2,0,2,1.4,0.4,0.28,0,2,2,0,2,2,0
55.57,0,0.2,0,0,0.2,0,0,5,0.2,1,0,0.2,2,0.2,0.4,0,0.2,0,2,1.4,0.4,0.28,0,2,2,0,2,2,0
55.57,0,0.2,0,0,0.2,0,0,5,0.2,1,0,0.2,2,0.2,0.4,0,0.2,0,2,1.4,0.4,0.28,0,2,2,0,2,2,0
55.57,1.08,0.4,0.432,0,0.2,0,1.08,5,0.2,1,0,0.2,2,0.2,0.4,0,0.2,0,2.2,1.832,0.4,0.3664,0,2,2,0,2,2,1
55.57,0.7,0.2,0.14,0,0.2,0,0.7,5,0.2,1,0,0.2,2,0.2,0.4,0,0.2,0,2,1.54,0.4,0.308,0,2,2,0,2,2,0
55.57,1.36,0.4,0.544,0,0.2,0,1.36,5,0.2,1,0,0.2,2,0.2,0.4,0,0.2,0,2.2,1.944,0.4,0.3888,0,2,2,0,2,2,1
55.57,0,0.2,0,5.24,0.6,3.144,5.24,5,0.2,1,0,0.2,2,0.2,0.4,0,0.2,0,3.2,4.544,0.4,0.9088,0,2,2,0,2,2,1
55.57,0.32,0.2,0.064,0.17,0.2,0.034,0.49,5,0.2,1,0,0.2,2,0.2,0.4,0,0.2,0,2,1.498,0.4,0.2996,0,2,2,0,2,2,0
55.57,0.33,0.2,0.066,0.0013,0.2,0.00026,0.3313,5,0.2,1,0,0.2,2,0.2,0.4,0,0.2,0,2,1.46626,0.4,0.293252,0,2,2,0,2,2,0
55.57,1.08,0.4,0.432,0.92,0.2,0.184,2,5,0.2,1,0.04,0.2,2,0.2,0.4,0,0.2,0,2.2,2.024,0.4,0.4048,0,2,2,0,2,2,1
55.57,0,0.2,0,0,0.2,0,0,5,0.2,1,0,0.2,2,0.2,0.4,0,0.2,0,2,1.4,0.4,0.28,0,2,2,0,2,2,0
55.57,0.6,0.2,0.12,0,0.2,0,0.6,5,0.2,1,0,0.2,2,0.2,0.4,0,0.2,0,2,1.52,0.4,0.304,0,2,2,0,2,2,0
55.57,0.76,0.2,0.152,0,0.2,0,0.76,5,0.2,1,0,0.2,2,0.2,0.4,0,0.2,0,2,1.552,0.4,0.3104,0,2,2,0,2,2,0
55.57,0,0.2,0,2.99,0.6,1.794,2.99,5,0.2,1,0.06,0.2,2,0.2,0.4,0,0.2,0,3.2,3.206,0.4,0.6412,0,2,2,0,2,2,1
55.57,0,0.2,0,0,0.2,0,0,5,0.2,1,0,0.2,2,0.2,0.4,0,0.2,0,2,1.4,0.4,0.28,0,2,2,0,2,2,0
55.57,0.49,0.2,0.098,0.28,0.2,0.056,0.77,5,0.2,1,0.07,0.2,2,0.2,0.4,0,0.2,0,2,1.568,0.4,0.3136,0,2,2,0,2,2,0
55.57,0,0.2,0,0.81,0.2,0.162,0.81,5,0.2,1,0,0.2,2,0.2,0.4,0,0.2,0,2,1.562,0.4,0.3124,0,2,2,0,2,2,0
55.57,0.41,0.2,0.082,0,0.2,0,0.41,5,0.2,1,0,0.2,2,0.2,0.4,0,0.2,0,2,1.482,0.4,0.2964,0,2,2,0,2,2,0
55.57,0,0.2,0,0,0.2,0,0,5,0.2,1,0,0.2,2,0.2,0.4,0,0.2,0,2,1.4,0.4,0.28,0,2,2,0,2,2,0
55.57,0.82,0.2,0.164,0,0.2,0,0.82,5,0.2,1,0,0.2,2,0.2,0.4,0,0.2,0,2,1.564,0.4,0.3128,0,2,2,0,2,2,0
55.57,0.32,0.2,0.064,0.0009,0.2,0.00018,0.3209,5,0.2,1,0,0.2,2,0.2,0.4,0,0.2,0,2,1.46418,0.4,0.292836,0,2,2,0,2,2,0
55.57,0,0.2,0,0,0.2,0,0,5,0.2,1,0,0.2,2,0.2,0.4,0,0.2,0,2,1.4,0.4,0.28,0,2,2,0,2,2,0
55.57,0,0.2,0,0,0.2,0,0,5,0.2,1,0,0.2,6,0.2,1.2,0,0.2,0,2.4,2.2,1.2,1.32,1,2,2,0,2,2,1
55.57,1.06,0.4,0.424,0.63,0.2,0.126,1.69,5,0.2,1,0.9,0.2,6,0.2,1.2,0,0.2,0,2.6,2.93,1.2,1.758,1,2,2,0,2,2,1
55.57,0,0.2,0,0,0.2,0,0,5,0.2,1,0,0.2,2,0.2,0.4,0,0.2,0,2,1.4,0.4,0.28,0,2,2,0,2,2,0
55.57,0,0.2,0,0,0.2,0,0,5,0.2,1,0.13,0.2,2,0.2,0.4,0,0.2,0,2,1.426,0.4,0.2852,0,2,2,0,2,2,0
55.57,0,0.2,0,0,0.2,0,0,5,0.2,1,0,0.2,2,0.2,0.4,0,0.2,0,2,1.4,0.4,0.28,0,2,2,0,2,2,0
55.57,0.51,0.2,0.102,1.63,0.4,0.652,2.14,5,0.2,1,1.8,0.2,2,0.2,0.4,0,0.2,0,2.6,2.514,0.4,0.5028,0,2,2,0,2,2,1
55.57,1.06,0.4,0.424,0,0.2,0,1.06,5,0.2,1,0,0.2,2,0.2,0.4,0,0.2,0,2.2,1.824,0.4,0.3648,0,2,2,0,2,2,1
55.57,0.71,0.2,0.142,0.25,0.2,0.05,0.96,5,0.2,1,0,0.2,2,0.2,0.4,0,0.2,0,2,1.592,0.4,0.3184,0,2,2,0,2,2,0
55.57,0,0.2,0,8.49,0.6,5.094,8.49,5,0.2,1,0.43,0.2,2,0.2,0.4,0,0.2,0,3.2,6.58,0.4,1.316,1,2,2,0,2,2,1
55.57,1.6,0.4,0.64,0,0.2,0,1.6,5,0.2,1,0,0.2,2,0.2,0.4,0,0.2,0,2.2,2.04,0.4,0.408,0,2,2,0,2,2,1
55.57,0.3,0.2,0.06,0.0023,0.2,0.00046,0.3023,5,0.2,1,0,0.2,2,0.2,0.4,0,0.2,0,2,1.46046,0.4,0.292092,0,2,2,0,2,2,0
55.57,0.47,0.2,0.094,0.46,0.2,0.092,0.93,5,0.2,1,0.42,0.2,2,0.2,0.4,0,0.2,0,2,1.67,0.4,0.334,0,2,2,0,2,2,0
55.57,0,0.2,0,0,0.2,0,0,5,0.2,1,0.02,0.2,2,0.2,0.4,0,0.2,0,2,1.404,0.4,0.2808,0,2,2,0,2,2,0
55.57,1.19,0.4,0.476,0,0.2,0,1.19,5,0.2,1,0,0.2,2,0.2,0.4,0,0.2,0,2.2,1.876,0.4,0.3752,0,2,2,0,2,2,1
55.57,0,0.2,0,1.29,0.4,0.516,1.29,5,0.2,1,0,0.2,2,0.2,0.4,0,0.2,0,2.6,1.916,0.4,0.3832,0,2,2,0,2,2,1
55.57,0.7,0.2,0.14,0.79,0.2,0.158,1.49,5.5,0.4,2.2,1.91,0.2,2,0.2,0.4,0,0.2,0,2.4,3.28,0.4,0.656,0,4,2,0,2,2,1
55.57,0.83,0.2,0.166,0,0.2,0,0.83,5,0.2,1,0.14,0.2,2,0.2,0.4,0,0.2,0,2,1.594,0.4,0.3188,0,2,2,0,2,2,0
55.57,0.74,0.2,0.148,0,0.2,0,0.74,5,0.2,1,2.4,0.2,2,0.2,0.4,0,0.2,0,2,2.028,0.4,0.4056,0,2,2,0,2,2,0
55.57,0.2,0.2,0.04,0,0.2,0,0.2,5,0.2,1,0,0.2,2,0.2,0.4,0,0.2,0,2,1.44,0.4,0.288,0,2,2,0,2,2,0
55.57,1.4,0.4,0.56,0.06,0.2,0.012,1.46,5,0.2,1,0,0.2,2,0.2,0.4,0,0.2,0,2.2,1.972,0.4,0.3944,0,2,2,0,2,2,1
55.57,0.4,0.2,0.08,0.0025,0.2,0.0005,0.4025,5,0.2,1,0,0.2,2,0.2,0.4,0,0.2,0,2,1.4805,0.4,0.2961,0,2,2,0,2,2,0
55.57,0.85,0.2,0.17,1,0.4,0.4,1.85,5,0.2,1,0.4,0.2,2,0.2,0.4,0,0.2,0,2.6,2.05,0.4,0.41,0,2,2,0,2,2,1
55.57,0,0.2,0,0.88,0.2,0.176,0.88,5,0.2,1,0.07,0.2,2,0.2,0.4,0,0.2,0,2,1.59,0.4,0.318,0,2,2,0,2,2,0
55.57,0,0.2,0,0,0.2,0,0,5,0.2,1,0,0.2,2,0.2,0.4,0,0.2,0,2,1.4,0.4,0.28,0,2,2,0,2,2,0
55.57,1.12,0.4,0.448,0,0.2,0,1.12,5,0.2,1,0,0.2,2,0.2,0.4,0,0.2,0,2.2,1.848,0.4,0.3696,0,2,2,0,2,2,1
55.57,1.28,0.4,0.512,0,0.2,0,1.28,5,0.2,1,0,0.2,2,0.2,0.4,0,0.2,0,2.2,1.912,0.4,0.3824,0,2,2,0,2,2,1
55.57,0,0.2,0,0,0.2,0,0,5,0.2,1,0,0.2,2,0.2,0.4,0,0.2,0,2,1.4,0.4,0.28,0,2,2,0,2,2,0
55.57,0,0.2,0,1.16,0.4,0.464,1.16,5,0.2,1,0,0.2,2,0.2,0.4,0,0.2,0,2.6,1.864,0.4,0.3728,0,2,2,0,2,2,1
55.57,0.1,0.2,0.02,0,0.2,0,0.1,5,0.2,1,0,0.2,2,0.2,0.4,0,0.2,0,2,1.42,0.4,0.284,0,2,2,0,2,2,0
55.57,1.06,0.4,0.424,1.6,0.4,0.64,2.66,5,0.2,1,16.09,0.6,2,0.2,0.4,0,0.2,0,3.2,12.118,0.4,2.4236,1,2,6,0,2,2,1
55.57,0.25,0.2,0.05,0.0017,0.2,0.00034,0.2517,5,0.2,1,0,0.2,2,0.2,0.4,0,0.2,0,2,1.45034,0.4,0.290068,0,2,2,0,2,2,0
55.57,0.31,0.2,0.062,0.0015,0.2,0.0003,0.3115,5,0.2,1,0,0.2,2,0.2,0.4,0,0.2,0,2,1.4623,0.4,0.29246,0,2,2,0,2,2,0
55.57,0,0.2,0,0,0.2,0,0,5,0.2,1,0,0.2,2,0.2,0.4,0,0.2,0,2,1.4,0.4,0.28,0,2,2,0,2,2,0
55.57,0.84,0.2,0.168,0,0.2,0,0.84,5,0.2,1,0,0.2,2,0.2,0.4,0,0.2,0,2,1.568,0.4,0.3136,0,2,2,0,2,2,0
55.57,1.09,0.4,0.436,0,0.2,0,1.09,5,0.2,1,0,0.2,2,0.2,0.4,0,0.2,0,2.2,1.836,0.4,0.3672,0,2,2,0,2,2,1
55.57,1.29,0.4,0.516,0,0.2,0,1.29,5,0.2,1,0,0.2,2,0.2,0.4,0,0.2,0,2.2,1.916,0.4,0.3832,0,2,2,0,2,2,1
55.57,0.51,0.2,0.102,0.37,0.2,0.074,0.88,5,0.2,1,0,0.2,2,0.2,0.4,0,0.2,0,2,1.576,0.4,0.3152,0,2,2,0,2,2,0
55.57,0.09,0.2,0.018,0,0.2,0,0.09,5,0.2,1,0,0.2,2,0.2,0.4,0,0.2,0,2,1.418,0.4,0.2836,0,2,2,0,2,2,0
55.57,0.39,0.2,0.078,0.91,0.2,0.182,1.3,5,0.2,1,0,0.2,2,0.2,0.4,0,0.2,0,2,1.66,0.4,0.332,0,2,2,0,2,2,0
55.57,1.07,0.4,0.428,0,0.2,0,1.07,5,0.2,1,0,0.2,2,0.2,0.4,0,0.2,0,2.2,1.828,0.4,0.3656,0,2,2,0,2,2,1
55.57,0,0.2,0,0,0.2,0,0,5,0.2,1,0,0.2,2,0.2,0.4,0,0.2,0,2,1.4,0.4,0.28,0,2,2,0,2,2,0
55.57,0.5,0.2,0.1,2.97,0.6,1.782,3.47,5,0.2,1,0.18,0.2,2,0.2,0.4,0,0.2,0,3.2,3.318,0.4,0.6636,0,2,2,0,2,2,1
55.57,0.49,0.2,0.098,0.55,0.2,0.11,1.04,5,0.2,1,0,0.2,2,0.2,0.4,0,0.2,0,2,1.608,0.4,0.3216,0,2,2,0,2,2,0
55.57,0.84,0.2,0.168,0.65,0.2,0.13,1.49,5,0.2,1,0,0.2,2,0.2,0.4,0,0.2,0,2,1.698,0.4,0.3396,0,2,2,0,2,2,0
55.57,0.9,0.2,0.18,1.11,0.4,0.444,2.01,5,0.2,1,0,0.2,2,0.2,0.4,0,0.2,0,2.6,2.024,0.4,0.4048,0,2,2,0,2,2,1
55.57,0,0.2,0,0,0.2,0,0,5,0.2,1,0,0.2,2,0.2,0.4,0,0.2,0,2,1.4,0.4,0.28,0,2,2,0,2,2,0
55.57,0.59,0.2,0.118,0,0.2,0,0.59,5,0.2,1,0,0.2,2,0.2,0.4,0,0.2,0,2,1.518,0.4,0.3036,0,2,2,0,2,2,0
55.57,0.02,0.2,0.004,0,0.2,0,0.02,5,0.2,1,0,0.2,2,0.2,0.4,0,0.2,0,2,1.404,0.4,0.2808,0,2,2,0,2,2,0
55.57,1.48,0.4,0.592,4.48,0.6,2.688,5.96,5,0.2,1,0,0.2,2,0.2,0.4,0,0.2,0,3.4,4.68,0.4,0.936,0,2,2,0,2,2,1
55.57,0,0.2,0,3.3,0.6,1.98,3.3,5,0.2,1,0,0.2,2,0.2,0.4,0,0.2,0,3.2,3.38,0.4,0.676,0,2,2,0,2,2,1
55.57,0.8,0.2,0.16,0.57,0.2,0.114,1.37,5,0.2,1,0,0.2,2,0.2,0.4,0,0.2,0,2,1.674,0.4,0.3348,0,2,2,0,2,2,0
55.57,0.36,0.2,0.072,0.54,0.2,0.108,0.9,5,0.2,1,0.21,0.2,2,0.2,0.4,0,0.2,0,2,1.622,0.4,0.3244,0,2,2,0,2,2,0
55.57,0.44,0.2,0.088,0.53,0.2,0.106,0.97,5,0.2,1,0,0.2,2,0.2,0.4,0,0.2,0,2,1.594,0.4,0.3188,0,2,2,0,2,2,0
55.57,0.51,0.2,0.102,0.5,0.2,0.1,1.01,5,0.2,1,0.09,0.2,2,0.2,0.4,0,0.2,0,2,1.62,0.4,0.324,0,2,2,0,2,2,0
55.57,0.75,0.2,0.15,0.45,0.2,0.09,1.2,5,0.2,1,0,0.2,2,0.2,0.4,0,0.2,0,2,1.64,0.4,0.328,0,2,2,0,2,2,0
55.57,0.49,0.2,0.098,0.4,0.2,0.08,0.89,5,0.2,1,0,0.2,2,0.2,0.4,0,0.2,0,2,1.578,0.4,0.3156,0,2,2,0,2,2,0
55.57,0.47,0.2,0.094,0.37,0.2,0.074,0.84,5,0.2,1,0,0.2,2,0.2,0.4,0,0.2,0,2,1.568,0.4,0.3136,0,2,2,0,2,2,0
55.57,0.24,0.2,0.048,0.04,0.2,0.008,0.28,5,0.2,1,0,0.2,2,0.2,0.4,0,0.2,0,2,1.456,0.4,0.2912,0,2,2,0,2,2,0
55.57,0.2,0.2,0.04,0,0.2,0,0.2,5,0.2,1,0,0.2,2,0.2,0.4,0,0.2,0,2,1.44,0.4,0.288,0,2,2,0,2,2,0
55.57,0,0.2,0,0,0.2,0,0,5,0.2,1,0.32,0.2,2,0.2,0.4,0,0.2,0,2,1.464,0.4,0.2928,0,2,2,0,2,2,0
